{
  "type": "FeatureCollection",
  "crs": {
    "type": "name",
    "properties": {
      "name": "EPSG:4326"
    }
  },
  "features": [
    {
      "type": "Feature",
      "geometry": {
        "type": "Polygon",
        "coordinates": [
          [
            [
              81.63671875,
              16.7421875
            ],
            [
              81.63671875,
              16.740234375
            ],
            [
              81.638671875,
              16.740234375
            ],
            [
              81.638671875,
              16.7392578125
            ],
            [
              81.640625,
              16.7392578125
            ],
            [
              81.640625,
              16.740234375
            ],
            [
              81.6396484375,
              16.740234375
            ],
            [
              81.6396484375,
              16.7412109375
            ],
            [
              81.638671875,
              16.7412109375
            ],
            [
              81.638671875,
              16.7421875
            ],
            [
              81.63671875,
              16.7421875
            ]
          ]
        ]
      },
      "properties": {
        "pixel_value": 1,
        "area_sq_m": 0.0,
        "area_hectares": 0.0
      }
    },
    {
      "type": "Feature",
      "geometry": {
        "type": "Polygon",
        "coordinates": [
          [
            [
              81.7275390625,
              16.6171875
            ],
            [
              81.7275390625,
              16.615234375
            ],
            [
              81.7265625,
              16.615234375
            ],
            [
              81.7265625,
              16.6162109375
            ],
            [
              81.724609375,
              16.6162109375
            ],
            [
              81.724609375,
              16.61328125
            ],
            [
              81.7275390625,
              16.61328125
            ],
            [
              81.7275390625,
              16.6142578125
            ],
            [
              81.728515625,
              16.6142578125
            ],
            [
              81.728515625,
              16.6171875
            ],
            [
              81.7275390625,
              16.6171875
            ]
          ]
        ]
      },
      "properties": {
        "pixel_value": 1,
        "area_sq_m": 0.0,
        "area_hectares": 0.0
      }
    },
    {
      "type": "Feature",
      "geometry": {
        "type": "Polygon",
        "coordinates": [
          [
            [
              81.6884765625,
              16.6142578125
            ],
            [
              81.6884765625,
              16.611328125
            ],
            [
              81.689453125,
              16.611328125
            ],
            [
              81.689453125,
              16.6103515625
            ],
            [
              81.6904296875,
              16.6103515625
            ],
            [
              81.6904296875,
              16.6142578125
            ],
            [
              81.6884765625,
              16.6142578125
            ]
          ]
        ]
      },
      "properties": {
        "pixel_value": 1,
        "area_sq_m": 0.0,
        "area_hectares": 0.0
      }
    },
    {
      "type": "Feature",
      "geometry": {
        "type": "Polygon",
        "coordinates": [
          [
            [
              81.5,
              16.75
            ],
            [
              81.5,
              16.5
            ],
            [
              81.537109375,
              16.5
            ],
            [
              81.537109375,
              16.5009765625
            ],
            [
              81.5380859375,
              16.5009765625
            ],
            [
              81.5380859375,
              16.501953125
            ],
            [
              81.5390625,
              16.501953125
            ],
            [
              81.5390625,
              16.5029296875
            ],
            [
              81.541015625,
              16.5029296875
            ],
            [
              81.541015625,
              16.50390625
            ],
            [
              81.5419921875,
              16.50390625
            ],
            [
              81.5419921875,
              16.5048828125
            ],
            [
              81.5439453125,
              16.5048828125
            ],
            [
              81.5439453125,
              16.50390625
            ],
            [
              81.544921875,
              16.50390625
            ],
            [
              81.544921875,
              16.5029296875
            ],
            [
              81.5419921875,
              16.5029296875
            ],
            [
              81.5419921875,
              16.501953125
            ],
            [
              81.541015625,
              16.501953125
            ],
            [
              81.541015625,
              16.5009765625
            ],
            [
              81.5400390625,
              16.5009765625
            ],
            [
              81.5400390625,
              16.5
            ],
            [
              81.6484375,
              16.5
            ],
            [
              81.6484375,
              16.501953125
            ],
            [
              81.6494140625,
              16.501953125
            ],
            [
              81.6494140625,
              16.5
            ],
            [
              81.6513671875,
              16.5
            ],
            [
              81.6513671875,
              16.5009765625
            ],
            [
              81.650390625,
              16.5009765625
            ],
            [
              81.650390625,
              16.501953125
            ],
            [
              81.65234375,
              16.501953125
            ],
            [
              81.65234375,
              16.5
            ],
            [
              81.75,
              16.5
            ],
            [
              81.75,
              16.6123046875
            ],
            [
              81.748046875,
              16.6123046875
            ],
            [
              81.748046875,
              16.61328125
            ],
            [
              81.75,
              16.61328125
            ],
            [
              81.75,
              16.75
            ],
            [
              81.642578125,
              16.75
            ],
            [
              81.642578125,
              16.7490234375
            ],
            [
              81.6416015625,
              16.7490234375
            ],
            [
              81.6416015625,
              16.75
            ],
            [
              81.6396484375,
              16.75
            ],
            [
              81.6396484375,
              16.7490234375
            ],
            [
              81.640625,
              16.7490234375
            ],
            [
              81.640625,
              16.74609375
            ],
            [
              81.6396484375,
              16.74609375
            ],
            [
              81.6396484375,
              16.7451171875
            ],
            [
              81.640625,
              16.7451171875
            ],
            [
              81.640625,
              16.7421875
            ],
            [
              81.6396484375,
              16.7421875
            ],
            [
              81.6396484375,
              16.7412109375
            ],
            [
              81.6416015625,
              16.7412109375
            ],
            [
              81.6416015625,
              16.73828125
            ],
            [
              81.640625,
              16.73828125
            ],
            [
              81.640625,
              16.7373046875
            ],
            [
              81.6396484375,
              16.7373046875
            ],
            [
              81.6396484375,
              16.736328125
            ],
            [
              81.638671875,
              16.736328125
            ],
            [
              81.638671875,
              16.7353515625
            ],
            [
              81.6376953125,
              16.7353515625
            ],
            [
              81.6376953125,
              16.736328125
            ],
            [
              81.6357421875,
              16.736328125
            ],
            [
              81.6357421875,
              16.7373046875
            ],
            [
              81.6337890625,
              16.7373046875
            ],
            [
              81.6337890625,
              16.740234375
            ],
            [
              81.6318359375,
              16.740234375
            ],
            [
              81.6318359375,
              16.7392578125
            ],
            [
              81.630859375,
              16.7392578125
            ],
            [
              81.630859375,
              16.740234375
            ],
            [
              81.62890625,
              16.740234375
            ],
            [
              81.62890625,
              16.7421875
            ],
            [
              81.6279296875,
              16.7421875
            ],
            [
              81.6279296875,
              16.7470703125
            ],
            [
              81.630859375,
              16.7470703125
            ],
            [
              81.630859375,
              16.7490234375
            ],
            [
              81.6328125,
              16.7490234375
            ],
            [
              81.6328125,
              16.75
            ],
            [
              81.5869140625,
              16.75
            ],
            [
              81.5869140625,
              16.7470703125
            ],
            [
              81.587890625,
              16.7470703125
            ],
            [
              81.587890625,
              16.7451171875
            ],
            [
              81.5888671875,
              16.7451171875
            ],
            [
              81.5888671875,
              16.7412109375
            ],
            [
              81.5859375,
              16.7412109375
            ],
            [
              81.5859375,
              16.740234375
            ],
            [
              81.5849609375,
              16.740234375
            ],
            [
              81.5849609375,
              16.7392578125
            ],
            [
              81.5869140625,
              16.7392578125
            ],
            [
              81.5869140625,
              16.740234375
            ],
            [
              81.587890625,
              16.740234375
            ],
            [
              81.587890625,
              16.7392578125
            ],
            [
              81.5888671875,
              16.7392578125
            ],
            [
              81.5888671875,
              16.73828125
            ],
            [
              81.5869140625,
              16.73828125
            ],
            [
              81.5869140625,
              16.7353515625
            ],
            [
              81.587890625,
              16.7353515625
            ],
            [
              81.587890625,
              16.734375
            ],
            [
              81.5859375,
              16.734375
            ],
            [
              81.5859375,
              16.736328125
            ],
            [
              81.5849609375,
              16.736328125
            ],
            [
              81.5849609375,
              16.7373046875
            ],
            [
              81.583984375,
              16.7373046875
            ],
            [
              81.583984375,
              16.73828125
            ],
            [
              81.5830078125,
              16.73828125
            ],
            [
              81.5830078125,
              16.7392578125
            ],
            [
              81.5810546875,
              16.7392578125
            ],
            [
              81.5810546875,
              16.740234375
            ],
            [
              81.58203125,
              16.740234375
            ],
            [
              81.58203125,
              16.7412109375
            ],
            [
              81.5830078125,
              16.7412109375
            ],
            [
              81.5830078125,
              16.7421875
            ],
            [
              81.583984375,
              16.7421875
            ],
            [
              81.583984375,
              16.7412109375
            ],
            [
              81.5849609375,
              16.7412109375
            ],
            [
              81.5849609375,
              16.7421875
            ],
            [
              81.5869140625,
              16.7421875
            ],
            [
              81.5869140625,
              16.7451171875
            ],
            [
              81.5859375,
              16.7451171875
            ],
            [
              81.5859375,
              16.744140625
            ],
            [
              81.5849609375,
              16.744140625
            ],
            [
              81.5849609375,
              16.7470703125
            ],
            [
              81.583984375,
              16.7470703125
            ],
            [
              81.583984375,
              16.748046875
            ],
            [
              81.58203125,
              16.748046875
            ],
            [
              81.58203125,
              16.75
            ],
            [
              81.5439453125,
              16.75
            ],
            [
              81.5439453125,
              16.7490234375
            ],
            [
              81.5419921875,
              16.7490234375
            ],
            [
              81.5419921875,
              16.75
            ],
            [
              81.5,
              16.75
            ]
          ],
          [
            [
              81.5283203125,
              16.7490234375
            ],
            [
              81.529296875,
              16.7490234375
            ],
            [
              81.529296875,
              16.748046875
            ],
            [
              81.5283203125,
              16.748046875
            ],
            [
              81.5283203125,
              16.7490234375
            ]
          ],
          [
            [
              81.6728515625,
              16.7490234375
            ],
            [
              81.673828125,
              16.7490234375
            ],
            [
              81.673828125,
              16.748046875
            ],
            [
              81.6728515625,
              16.748046875
            ],
            [
              81.6728515625,
              16.7490234375
            ]
          ],
          [
            [
              81.6572265625,
              16.748046875
            ],
            [
              81.658203125,
              16.748046875
            ],
            [
              81.658203125,
              16.74609375
            ],
            [
              81.6572265625,
              16.74609375
            ],
            [
              81.6572265625,
              16.748046875
            ]
          ],
          [
            [
              81.671875,
              16.748046875
            ],
            [
              81.6728515625,
              16.748046875
            ],
            [
              81.6728515625,
              16.7470703125
            ],
            [
              81.671875,
              16.7470703125
            ],
            [
              81.671875,
              16.748046875
            ]
          ],
          [
            [
              81.5439453125,
              16.7470703125
            ],
            [
              81.544921875,
              16.7470703125
            ],
            [
              81.544921875,
              16.74609375
            ],
            [
              81.5458984375,
              16.74609375
            ],
            [
              81.5458984375,
              16.7451171875
            ],
            [
              81.546875,
              16.7451171875
            ],
            [
              81.546875,
              16.744140625
            ],
            [
              81.544921875,
              16.744140625
            ],
            [
              81.544921875,
              16.7451171875
            ],
            [
              81.5439453125,
              16.7451171875
            ],
            [
              81.5439453125,
              16.7470703125
            ]
          ],
          [
            [
              81.5810546875,
              16.7470703125
            ],
            [
              81.58203125,
              16.7470703125
            ],
            [
              81.58203125,
              16.74609375
            ],
            [
              81.5810546875,
              16.74609375
            ],
            [
              81.5810546875,
              16.7470703125
            ]
          ],
          [
            [
              81.64453125,
              16.7451171875
            ],
            [
              81.6455078125,
              16.7451171875
            ],
            [
              81.6455078125,
              16.744140625
            ],
            [
              81.64453125,
              16.744140625
            ],
            [
              81.64453125,
              16.7451171875
            ]
          ],
          [
            [
              81.6181640625,
              16.744140625
            ],
            [
              81.619140625,
              16.744140625
            ],
            [
              81.619140625,
              16.7431640625
            ],
            [
              81.6220703125,
              16.7431640625
            ],
            [
              81.6220703125,
              16.7421875
            ],
            [
              81.623046875,
              16.7421875
            ],
            [
              81.623046875,
              16.73828125
            ],
            [
              81.6220703125,
              16.73828125
            ],
            [
              81.6220703125,
              16.7373046875
            ],
            [
              81.6240234375,
              16.7373046875
            ],
            [
              81.6240234375,
              16.7353515625
            ],
            [
              81.623046875,
              16.7353515625
            ],
            [
              81.623046875,
              16.7333984375
            ],
            [
              81.6201171875,
              16.7333984375
            ],
            [
              81.6201171875,
              16.734375
            ],
            [
              81.6181640625,
              16.734375
            ],
            [
              81.6181640625,
              16.7314453125
            ],
            [
              81.6162109375,
              16.7314453125
            ],
            [
              81.6162109375,
              16.734375
            ],
            [
              81.61328125,
              16.734375
            ],
            [
              81.61328125,
              16.7353515625
            ],
            [
              81.6162109375,
              16.7353515625
            ],
            [
              81.6162109375,
              16.736328125
            ],
            [
              81.6171875,
              16.736328125
            ],
            [
              81.6171875,
              16.7373046875
            ],
            [
              81.6162109375,
              16.7373046875
            ],
            [
              81.6162109375,
              16.73828125
            ],
            [
              81.615234375,
              16.73828125
            ],
            [
              81.615234375,
              16.7392578125
            ],
            [
              81.6171875,
              16.7392578125
            ],
            [
              81.6171875,
              16.7421875
            ],
            [
              81.6162109375,
              16.7421875
            ],
            [
              81.6162109375,
              16.7431640625
            ],
            [
              81.6181640625,
              16.7431640625
            ],
            [
              81.6181640625,
              16.744140625
            ]
          ],
          [
            [
              81.5439453125,
              16.7431640625
            ],
            [
              81.544921875,
              16.7431640625
            ],
            [
              81.544921875,
              16.7421875
            ],
            [
              81.546875,
              16.7421875
            ],
            [
              81.546875,
              16.740234375
            ],
            [
              81.5478515625,
              16.740234375
            ],
            [
              81.5478515625,
              16.7392578125
            ],
            [
              81.548828125,
              16.7392578125
            ],
            [
              81.548828125,
              16.73828125
            ],
            [
              81.5498046875,
              16.73828125
            ],
            [
              81.5498046875,
              16.736328125
            ],
            [
              81.548828125,
              16.736328125
            ],
            [
              81.548828125,
              16.734375
            ],
            [
              81.5478515625,
              16.734375
            ],
            [
              81.5478515625,
              16.732421875
            ],
            [
              81.546875,
              16.732421875
            ],
            [
              81.546875,
              16.7314453125
            ],
            [
              81.5458984375,
              16.7314453125
            ],
            [
              81.5458984375,
              16.728515625
            ],
            [
              81.5439453125,
              16.728515625
            ],
            [
              81.5439453125,
              16.7265625
            ],
            [
              81.5419921875,
              16.7265625
            ],
            [
              81.5419921875,
              16.7255859375
            ],
            [
              81.541015625,
              16.7255859375
            ],
            [
              81.541015625,
              16.724609375
            ],
            [
              81.5419921875,
              16.724609375
            ],
            [
              81.5419921875,
              16.7216796875
            ],
            [
              81.54296875,
              16.7216796875
            ],
            [
              81.54296875,
              16.7197265625
            ],
            [
              81.541015625,
              16.7197265625
            ],
            [
              81.541015625,
              16.716796875
            ],
            [
              81.5419921875,
              16.716796875
            ],
            [
              81.5419921875,
              16.7158203125
            ],
            [
              81.541015625,
              16.7158203125
            ],
            [
              81.541015625,
              16.7138671875
            ],
            [
              81.5400390625,
              16.7138671875
            ],
            [
              81.5400390625,
              16.71484375
            ],
            [
              81.5390625,
              16.71484375
            ],
            [
              81.5390625,
              16.7177734375
            ],
            [
              81.5380859375,
              16.7177734375
            ],
            [
              81.5380859375,
              16.71875
            ],
            [
              81.537109375,
              16.71875
            ],
            [
              81.537109375,
              16.720703125
            ],
            [
              81.5380859375,
              16.720703125
            ],
            [
              81.5380859375,
              16.7197265625
            ],
            [
              81.5390625,
              16.7197265625
            ],
            [
              81.5390625,
              16.720703125
            ],
            [
              81.5400390625,
              16.720703125
            ],
            [
              81.5400390625,
              16.72265625
            ],
            [
              81.5390625,
              16.72265625
            ],
            [
              81.5390625,
              16.73046875
            ],
            [
              81.5400390625,
              16.73046875
            ],
            [
              81.5400390625,
              16.7314453125
            ],
            [
              81.541015625,
              16.7314453125
            ],
            [
              81.541015625,
              16.732421875
            ],
            [
              81.54296875,
              16.732421875
            ],
            [
              81.54296875,
              16.734375
            ],
            [
              81.546875,
              16.734375
            ],
            [
              81.546875,
              16.736328125
            ],
            [
              81.544921875,
              16.736328125
            ],
            [
              81.544921875,
              16.740234375
            ],
            [
              81.5439453125,
              16.740234375
            ],
            [
              81.5439453125,
              16.7431640625
            ]
          ],
          [
            [
              81.666015625,
              16.7431640625
            ],
            [
              81.6669921875,
              16.7431640625
            ],
            [
              81.6669921875,
              16.7412109375
            ],
            [
              81.666015625,
              16.7412109375
            ],
            [
              81.666015625,
              16.7431640625
            ]
          ],
          [
            [
              81.51953125,
              16.7421875
            ],
            [
              81.5205078125,
              16.7421875
            ],
            [
              81.5205078125,
              16.7412109375
            ],
            [
              81.51953125,
              16.7412109375
            ],
            [
              81.51953125,
              16.7421875
            ]
          ],
          [
            [
              81.65234375,
              16.7421875
            ],
            [
              81.6533203125,
              16.7421875
            ],
            [
              81.6533203125,
              16.740234375
            ],
            [
              81.65234375,
              16.740234375
            ],
            [
              81.65234375,
              16.7421875
            ]
          ],
          [
            [
              81.658203125,
              16.7421875
            ],
            [
              81.6591796875,
              16.7421875
            ],
            [
              81.6591796875,
              16.7412109375
            ],
            [
              81.658203125,
              16.7412109375
            ],
            [
              81.658203125,
              16.7421875
            ]
          ],
          [
            [
              81.625,
              16.7392578125
            ],
            [
              81.6259765625,
              16.7392578125
            ],
            [
              81.6259765625,
              16.73828125
            ],
            [
              81.625,
              16.73828125
            ],
            [
              81.625,
              16.7392578125
            ]
          ],
          [
            [
              81.51953125,
              16.73828125
            ],
            [
              81.5205078125,
              16.73828125
            ],
            [
              81.5205078125,
              16.736328125
            ],
            [
              81.51953125,
              16.736328125
            ],
            [
              81.51953125,
              16.73828125
            ]
          ],
          [
            [
              81.7392578125,
              16.73828125
            ],
            [
              81.740234375,
              16.73828125
            ],
            [
              81.740234375,
              16.7373046875
            ],
            [
              81.7392578125,
              16.7373046875
            ],
            [
              81.7392578125,
              16.73828125
            ]
          ],
          [
            [
              81.517578125,
              16.7373046875
            ],
            [
              81.5185546875,
              16.7373046875
            ],
            [
              81.5185546875,
              16.736328125
            ],
            [
              81.517578125,
              16.736328125
            ],
            [
              81.517578125,
              16.7373046875
            ]
          ],
          [
            [
              81.5244140625,
              16.7373046875
            ],
            [
              81.5263671875,
              16.7373046875
            ],
            [
              81.5263671875,
              16.736328125
            ],
            [
              81.5244140625,
              16.736328125
            ],
            [
              81.5244140625,
              16.7373046875
            ]
          ],
          [
            [
              81.5224609375,
              16.736328125
            ],
            [
              81.5234375,
              16.736328125
            ],
            [
              81.5234375,
              16.7353515625
            ],
            [
              81.5224609375,
              16.7353515625
            ],
            [
              81.5224609375,
              16.736328125
            ]
          ],
          [
            [
              81.5185546875,
              16.7353515625
            ],
            [
              81.51953125,
              16.7353515625
            ],
            [
              81.51953125,
              16.734375
            ],
            [
              81.5185546875,
              16.734375
            ],
            [
              81.5185546875,
              16.7353515625
            ]
          ],
          [
            [
              81.583984375,
              16.7353515625
            ],
            [
              81.5849609375,
              16.7353515625
            ],
            [
              81.5849609375,
              16.7333984375
            ],
            [
              81.583984375,
              16.7333984375
            ],
            [
              81.583984375,
              16.7353515625
            ]
          ],
          [
            [
              81.5947265625,
              16.7353515625
            ],
            [
              81.595703125,
              16.7353515625
            ],
            [
              81.595703125,
              16.734375
            ],
            [
              81.5947265625,
              16.734375
            ],
            [
              81.5947265625,
              16.7353515625
            ]
          ],
          [
            [
              81.630859375,
              16.734375
            ],
            [
              81.6337890625,
              16.734375
            ],
            [
              81.6337890625,
              16.732421875
            ],
            [
              81.6357421875,
              16.732421875
            ],
            [
              81.6357421875,
              16.7333984375
            ],
            [
              81.6376953125,
              16.7333984375
            ],
            [
              81.6376953125,
              16.7314453125
            ],
            [
              81.63671875,
              16.7314453125
            ],
            [
              81.63671875,
              16.73046875
            ],
            [
              81.6357421875,
              16.73046875
            ],
            [
              81.6357421875,
              16.7294921875
            ],
            [
              81.6337890625,
              16.7294921875
            ],
            [
              81.6337890625,
              16.728515625
            ],
            [
              81.634765625,
              16.728515625
            ],
            [
              81.634765625,
              16.7255859375
            ],
            [
              81.6328125,
              16.7255859375
            ],
            [
              81.6328125,
              16.7275390625
            ],
            [
              81.6318359375,
              16.7275390625
            ],
            [
              81.6318359375,
              16.7216796875
            ],
            [
              81.6328125,
              16.7216796875
            ],
            [
              81.6328125,
              16.7197265625
            ],
            [
              81.6318359375,
              16.7197265625
            ],
            [
              81.6318359375,
              16.71875
            ],
            [
              81.630859375,
              16.71875
            ],
            [
              81.630859375,
              16.720703125
            ],
            [
              81.6298828125,
              16.720703125
            ],
            [
              81.6298828125,
              16.7216796875
            ],
            [
              81.630859375,
              16.7216796875
            ],
            [
              81.630859375,
              16.7265625
            ],
            [
              81.6298828125,
              16.7265625
            ],
            [
              81.6298828125,
              16.728515625
            ],
            [
              81.62890625,
              16.728515625
            ],
            [
              81.62890625,
              16.7294921875
            ],
            [
              81.6318359375,
              16.7294921875
            ],
            [
              81.6318359375,
              16.7314453125
            ],
            [
              81.6328125,
              16.7314453125
            ],
            [
              81.6328125,
              16.732421875
            ],
            [
              81.630859375,
              16.732421875
            ],
            [
              81.630859375,
              16.734375
            ]
          ],
          [
            [
              81.5771484375,
              16.7333984375
            ],
            [
              81.578125,
              16.7333984375
            ],
            [
              81.578125,
              16.732421875
            ],
            [
              81.5771484375,
              16.732421875
            ],
            [
              81.5771484375,
              16.7333984375
            ]
          ],
          [
            [
              81.5791015625,
              16.732421875
            ],
            [
              81.580078125,
              16.732421875
            ],
            [
              81.580078125,
              16.7314453125
            ],
            [
              81.5791015625,
              16.7314453125
            ],
            [
              81.5791015625,
              16.732421875
            ]
          ],
          [
            [
              81.61328125,
              16.732421875
            ],
            [
              81.6142578125,
              16.732421875
            ],
            [
              81.6142578125,
              16.7314453125
            ],
            [
              81.61328125,
              16.7314453125
            ],
            [
              81.61328125,
              16.732421875
            ]
          ],
          [
            [
              81.5947265625,
              16.73046875
            ],
            [
              81.595703125,
              16.73046875
            ],
            [
              81.595703125,
              16.7294921875
            ],
            [
              81.5947265625,
              16.7294921875
            ],
            [
              81.5947265625,
              16.73046875
            ]
          ],
          [
            [
              81.6240234375,
              16.73046875
            ],
            [
              81.625,
              16.73046875
            ],
            [
              81.625,
              16.728515625
            ],
            [
              81.6240234375,
              16.728515625
            ],
            [
              81.6240234375,
              16.73046875
            ]
          ],
          [
            [
              81.68359375,
              16.73046875
            ],
            [
              81.6845703125,
              16.73046875
            ],
            [
              81.6845703125,
              16.728515625
            ],
            [
              81.68359375,
              16.728515625
            ],
            [
              81.68359375,
              16.73046875
            ]
          ],
          [
            [
              81.5830078125,
              16.7265625
            ],
            [
              81.583984375,
              16.7265625
            ],
            [
              81.583984375,
              16.7255859375
            ],
            [
              81.5830078125,
              16.7255859375
            ],
            [
              81.5830078125,
              16.7265625
            ]
          ],
          [
            [
              81.6376953125,
              16.7265625
            ],
            [
              81.638671875,
              16.7265625
            ],
            [
              81.638671875,
              16.7255859375
            ],
            [
              81.6376953125,
              16.7255859375
            ],
            [
              81.6376953125,
              16.7265625
            ]
          ],
          [
            [
              81.5791015625,
              16.7255859375
            ],
            [
              81.580078125,
              16.7255859375
            ],
            [
              81.580078125,
              16.724609375
            ],
            [
              81.5791015625,
              16.724609375
            ],
            [
              81.5791015625,
              16.7255859375
            ]
          ],
          [
            [
              81.71875,
              16.724609375
            ],
            [
              81.7197265625,
              16.724609375
            ],
            [
              81.7197265625,
              16.7236328125
            ],
            [
              81.71875,
              16.7236328125
            ],
            [
              81.71875,
              16.724609375
            ]
          ],
          [
            [
              81.556640625,
              16.7236328125
            ],
            [
              81.5576171875,
              16.7236328125
            ],
            [
              81.5576171875,
              16.72265625
            ],
            [
              81.556640625,
              16.72265625
            ],
            [
              81.556640625,
              16.7236328125
            ]
          ],
          [
            [
              81.5830078125,
              16.7236328125
            ],
            [
              81.583984375,
              16.7236328125
            ],
            [
              81.583984375,
              16.72265625
            ],
            [
              81.5830078125,
              16.72265625
            ],
            [
              81.5830078125,
              16.7236328125
            ]
          ],
          [
            [
              81.6533203125,
              16.7236328125
            ],
            [
              81.654296875,
              16.7236328125
            ],
            [
              81.654296875,
              16.72265625
            ],
            [
              81.6533203125,
              16.72265625
            ],
            [
              81.6533203125,
              16.7236328125
            ]
          ],
          [
            [
              81.7197265625,
              16.7236328125
            ],
            [
              81.720703125,
              16.7236328125
            ],
            [
              81.720703125,
              16.72265625
            ],
            [
              81.7197265625,
              16.72265625
            ],
            [
              81.7197265625,
              16.7236328125
            ]
          ],
          [
            [
              81.5361328125,
              16.72265625
            ],
            [
              81.537109375,
              16.72265625
            ],
            [
              81.537109375,
              16.7216796875
            ],
            [
              81.5361328125,
              16.7216796875
            ],
            [
              81.5361328125,
              16.72265625
            ]
          ],
          [
            [
              81.7138671875,
              16.72265625
            ],
            [
              81.7158203125,
              16.72265625
            ],
            [
              81.7158203125,
              16.7216796875
            ],
            [
              81.7138671875,
              16.7216796875
            ],
            [
              81.7138671875,
              16.72265625
            ]
          ],
          [
            [
              81.5771484375,
              16.7216796875
            ],
            [
              81.578125,
              16.7216796875
            ],
            [
              81.578125,
              16.720703125
            ],
            [
              81.5791015625,
              16.720703125
            ],
            [
              81.5791015625,
              16.7197265625
            ],
            [
              81.5771484375,
              16.7197265625
            ],
            [
              81.5771484375,
              16.7216796875
            ]
          ],
          [
            [
              81.58984375,
              16.7216796875
            ],
            [
              81.5908203125,
              16.7216796875
            ],
            [
              81.5908203125,
              16.7197265625
            ],
            [
              81.58984375,
              16.7197265625
            ],
            [
              81.58984375,
              16.7216796875
            ]
          ],
          [
            [
              81.708984375,
              16.7216796875
            ],
            [
              81.7099609375,
              16.7216796875
            ],
            [
              81.7099609375,
              16.720703125
            ],
            [
              81.7109375,
              16.720703125
            ],
            [
              81.7109375,
              16.7197265625
            ],
            [
              81.708984375,
              16.7197265625
            ],
            [
              81.708984375,
              16.7216796875
            ]
          ],
          [
            [
              81.5654296875,
              16.720703125
            ],
            [
              81.5673828125,
              16.720703125
            ],
            [
              81.5673828125,
              16.7197265625
            ],
            [
              81.5654296875,
              16.7197265625
            ],
            [
              81.5654296875,
              16.720703125
            ]
          ],
          [
            [
              81.626953125,
              16.720703125
            ],
            [
              81.62890625,
              16.720703125
            ],
            [
              81.62890625,
              16.7197265625
            ],
            [
              81.6279296875,
              16.7197265625
            ],
            [
              81.6279296875,
              16.71875
            ],
            [
              81.6259765625,
              16.71875
            ],
            [
              81.6259765625,
              16.7197265625
            ],
            [
              81.626953125,
              16.7197265625
            ],
            [
              81.626953125,
              16.720703125
            ]
          ],
          [
            [
              81.6923828125,
              16.720703125
            ],
            [
              81.693359375,
              16.720703125
            ],
            [
              81.693359375,
              16.7197265625
            ],
            [
              81.6923828125,
              16.7197265625
            ],
            [
              81.6923828125,
              16.720703125
            ]
          ],
          [
            [
              81.728515625,
              16.720703125
            ],
            [
              81.7294921875,
              16.720703125
            ],
            [
              81.7294921875,
              16.7197265625
            ],
            [
              81.728515625,
              16.7197265625
            ],
            [
              81.728515625,
              16.720703125
            ]
          ],
          [
            [
              81.54296875,
              16.7197265625
            ],
            [
              81.5439453125,
              16.7197265625
            ],
            [
              81.5439453125,
              16.71875
            ],
            [
              81.54296875,
              16.71875
            ],
            [
              81.54296875,
              16.7197265625
            ]
          ],
          [
            [
              81.6337890625,
              16.7197265625
            ],
            [
              81.634765625,
              16.7197265625
            ],
            [
              81.634765625,
              16.7177734375
            ],
            [
              81.6337890625,
              16.7177734375
            ],
            [
              81.6337890625,
              16.716796875
            ],
            [
              81.6328125,
              16.716796875
            ],
            [
              81.6328125,
              16.71875
            ],
            [
              81.6337890625,
              16.71875
            ],
            [
              81.6337890625,
              16.7197265625
            ]
          ],
          [
            [
              81.5908203125,
              16.7177734375
            ],
            [
              81.591796875,
              16.7177734375
            ],
            [
              81.591796875,
              16.716796875
            ],
            [
              81.5908203125,
              16.716796875
            ],
            [
              81.5908203125,
              16.7177734375
            ]
          ],
          [
            [
              81.7080078125,
              16.716796875
            ],
            [
              81.7099609375,
              16.716796875
            ],
            [
              81.7099609375,
              16.71484375
            ],
            [
              81.708984375,
              16.71484375
            ],
            [
              81.708984375,
              16.7158203125
            ],
            [
              81.7080078125,
              16.7158203125
            ],
            [
              81.7080078125,
              16.716796875
            ]
          ],
          [
            [
              81.5419921875,
              16.71484375
            ],
            [
              81.54296875,
              16.71484375
            ],
            [
              81.54296875,
              16.7119140625
            ],
            [
              81.5439453125,
              16.7119140625
            ],
            [
              81.5439453125,
              16.7099609375
            ],
            [
              81.5458984375,
              16.7099609375
            ],
            [
              81.5458984375,
              16.6982421875
            ],
            [
              81.544921875,
              16.6982421875
            ],
            [
              81.544921875,
              16.697265625
            ],
            [
              81.5439453125,
              16.697265625
            ],
            [
              81.5439453125,
              16.7021484375
            ],
            [
              81.54296875,
              16.7021484375
            ],
            [
              81.54296875,
              16.7041015625
            ],
            [
              81.5419921875,
              16.7041015625
            ],
            [
              81.5419921875,
              16.705078125
            ],
            [
              81.541015625,
              16.705078125
            ],
            [
              81.541015625,
              16.7060546875
            ],
            [
              81.5419921875,
              16.7060546875
            ],
            [
              81.5419921875,
              16.7109375
            ],
            [
              81.541015625,
              16.7109375
            ],
            [
              81.541015625,
              16.7138671875
            ],
            [
              81.5419921875,
              16.7138671875
            ],
            [
              81.5419921875,
              16.71484375
            ]
          ],
          [
            [
              81.587890625,
              16.71484375
            ],
            [
              81.5888671875,
              16.71484375
            ],
            [
              81.5888671875,
              16.7138671875
            ],
            [
              81.587890625,
              16.7138671875
            ],
            [
              81.587890625,
              16.71484375
            ]
          ],
          [
            [
              81.603515625,
              16.71484375
            ],
            [
              81.6044921875,
              16.71484375
            ],
            [
              81.6044921875,
              16.712890625
            ],
            [
              81.603515625,
              16.712890625
            ],
            [
              81.603515625,
              16.71484375
            ]
          ],
          [
            [
              81.66015625,
              16.71484375
            ],
            [
              81.6611328125,
              16.71484375
            ],
            [
              81.6611328125,
              16.7138671875
            ],
            [
              81.66015625,
              16.7138671875
            ],
            [
              81.66015625,
              16.71484375
            ]
          ],
          [
            [
              81.6474609375,
              16.712890625
            ],
            [
              81.6494140625,
              16.712890625
            ],
            [
              81.6494140625,
              16.7109375
            ],
            [
              81.6484375,
              16.7109375
            ],
            [
              81.6484375,
              16.7119140625
            ],
            [
              81.6474609375,
              16.7119140625
            ],
            [
              81.6474609375,
              16.712890625
            ]
          ],
          [
            [
              81.537109375,
              16.7119140625
            ],
            [
              81.5380859375,
              16.7119140625
            ],
            [
              81.5380859375,
              16.7109375
            ],
            [
              81.5390625,
              16.7109375
            ],
            [
              81.5390625,
              16.708984375
            ],
            [
              81.5380859375,
              16.708984375
            ],
            [
              81.5380859375,
              16.7099609375
            ],
            [
              81.537109375,
              16.7099609375
            ],
            [
              81.537109375,
              16.7119140625
            ]
          ],
          [
            [
              81.5390625,
              16.7080078125
            ],
            [
              81.5400390625,
              16.7080078125
            ],
            [
              81.5400390625,
              16.7060546875
            ],
            [
              81.5390625,
              16.7060546875
            ],
            [
              81.5390625,
              16.7080078125
            ]
          ],
          [
            [
              81.5126953125,
              16.70703125
            ],
            [
              81.513671875,
              16.70703125
            ],
            [
              81.513671875,
              16.7060546875
            ],
            [
              81.5126953125,
              16.7060546875
            ],
            [
              81.5126953125,
              16.70703125
            ]
          ],
          [
            [
              81.62109375,
              16.70703125
            ],
            [
              81.6220703125,
              16.70703125
            ],
            [
              81.6220703125,
              16.7060546875
            ],
            [
              81.62109375,
              16.7060546875
            ],
            [
              81.62109375,
              16.70703125
            ]
          ],
          [
            [
              81.51171875,
              16.7060546875
            ],
            [
              81.5126953125,
              16.7060546875
            ],
            [
              81.5126953125,
              16.7041015625
            ],
            [
              81.51171875,
              16.7041015625
            ],
            [
              81.51171875,
              16.7060546875
            ]
          ],
          [
            [
              81.73046875,
              16.705078125
            ],
            [
              81.7314453125,
              16.705078125
            ],
            [
              81.7314453125,
              16.7041015625
            ],
            [
              81.73046875,
              16.7041015625
            ],
            [
              81.73046875,
              16.705078125
            ]
          ],
          [
            [
              81.7333984375,
              16.705078125
            ],
            [
              81.7353515625,
              16.705078125
            ],
            [
              81.7353515625,
              16.7041015625
            ],
            [
              81.7333984375,
              16.7041015625
            ],
            [
              81.7333984375,
              16.705078125
            ]
          ],
          [
            [
              81.6240234375,
              16.7041015625
            ],
            [
              81.625,
              16.7041015625
            ],
            [
              81.625,
              16.703125
            ],
            [
              81.6240234375,
              16.703125
            ],
            [
              81.6240234375,
              16.7041015625
            ]
          ],
          [
            [
              81.7158203125,
              16.7041015625
            ],
            [
              81.716796875,
              16.7041015625
            ],
            [
              81.716796875,
              16.703125
            ],
            [
              81.7158203125,
              16.703125
            ],
            [
              81.7158203125,
              16.7041015625
            ]
          ],
          [
            [
              81.578125,
              16.703125
            ],
            [
              81.5791015625,
              16.703125
            ],
            [
              81.5791015625,
              16.7021484375
            ],
            [
              81.578125,
              16.7021484375
            ],
            [
              81.578125,
              16.703125
            ]
          ],
          [
            [
              81.6435546875,
              16.7021484375
            ],
            [
              81.64453125,
              16.7021484375
            ],
            [
              81.64453125,
              16.701171875
            ],
            [
              81.6435546875,
              16.701171875
            ],
            [
              81.6435546875,
              16.7021484375
            ]
          ],
          [
            [
              81.6572265625,
              16.7021484375
            ],
            [
              81.658203125,
              16.7021484375
            ],
            [
              81.658203125,
              16.701171875
            ],
            [
              81.6572265625,
              16.701171875
            ],
            [
              81.6572265625,
              16.7021484375
            ]
          ],
          [
            [
              81.66015625,
              16.7021484375
            ],
            [
              81.662109375,
              16.7021484375
            ],
            [
              81.662109375,
              16.701171875
            ],
            [
              81.6611328125,
              16.701171875
            ],
            [
              81.6611328125,
              16.7001953125
            ],
            [
              81.66015625,
              16.7001953125
            ],
            [
              81.66015625,
              16.7021484375
            ]
          ],
          [
            [
              81.734375,
              16.701171875
            ],
            [
              81.7353515625,
              16.701171875
            ],
            [
              81.7353515625,
              16.7001953125
            ],
            [
              81.734375,
              16.7001953125
            ],
            [
              81.734375,
              16.701171875
            ]
          ],
          [
            [
              81.658203125,
              16.7001953125
            ],
            [
              81.6591796875,
              16.7001953125
            ],
            [
              81.6591796875,
              16.69921875
            ],
            [
              81.658203125,
              16.69921875
            ],
            [
              81.658203125,
              16.7001953125
            ]
          ],
          [
            [
              81.6650390625,
              16.69921875
            ],
            [
              81.666015625,
              16.69921875
            ],
            [
              81.666015625,
              16.6982421875
            ],
            [
              81.6650390625,
              16.6982421875
            ],
            [
              81.6650390625,
              16.69921875
            ]
          ],
          [
            [
              81.703125,
              16.69921875
            ],
            [
              81.7041015625,
              16.69921875
            ],
            [
              81.7041015625,
              16.6982421875
            ],
            [
              81.703125,
              16.6982421875
            ],
            [
              81.703125,
              16.69921875
            ]
          ],
          [
            [
              81.7080078125,
              16.69921875
            ],
            [
              81.7099609375,
              16.69921875
            ],
            [
              81.7099609375,
              16.6982421875
            ],
            [
              81.7109375,
              16.6982421875
            ],
            [
              81.7109375,
              16.697265625
            ],
            [
              81.7099609375,
              16.697265625
            ],
            [
              81.7099609375,
              16.6962890625
            ],
            [
              81.708984375,
              16.6962890625
            ],
            [
              81.708984375,
              16.697265625
            ],
            [
              81.7080078125,
              16.697265625
            ],
            [
              81.7080078125,
              16.6962890625
            ],
            [
              81.70703125,
              16.6962890625
            ],
            [
              81.70703125,
              16.6982421875
            ],
            [
              81.7080078125,
              16.6982421875
            ],
            [
              81.7080078125,
              16.69921875
            ]
          ],
          [
            [
              81.546875,
              16.697265625
            ],
            [
              81.5478515625,
              16.697265625
            ],
            [
              81.5478515625,
              16.6962890625
            ],
            [
              81.546875,
              16.6962890625
            ],
            [
              81.546875,
              16.697265625
            ]
          ],
          [
            [
              81.56640625,
              16.697265625
            ],
            [
              81.5673828125,
              16.697265625
            ],
            [
              81.5673828125,
              16.6953125
            ],
            [
              81.56640625,
              16.6953125
            ],
            [
              81.56640625,
              16.697265625
            ]
          ],
          [
            [
              81.6259765625,
              16.697265625
            ],
            [
              81.626953125,
              16.697265625
            ],
            [
              81.626953125,
              16.6962890625
            ],
            [
              81.6259765625,
              16.6962890625
            ],
            [
              81.6259765625,
              16.697265625
            ]
          ],
          [
            [
              81.716796875,
              16.697265625
            ],
            [
              81.71875,
              16.697265625
            ],
            [
              81.71875,
              16.6962890625
            ],
            [
              81.716796875,
              16.6962890625
            ],
            [
              81.716796875,
              16.697265625
            ]
          ],
          [
            [
              81.5458984375,
              16.6962890625
            ],
            [
              81.546875,
              16.6962890625
            ],
            [
              81.546875,
              16.6953125
            ],
            [
              81.5478515625,
              16.6953125
            ],
            [
              81.5478515625,
              16.69140625
            ],
            [
              81.5498046875,
              16.69140625
            ],
            [
              81.5498046875,
              16.6923828125
            ],
            [
              81.55078125,
              16.6923828125
            ],
            [
              81.55078125,
              16.69140625
            ],
            [
              81.5517578125,
              16.69140625
            ],
            [
              81.5517578125,
              16.6904296875
            ],
            [
              81.55078125,
              16.6904296875
            ],
            [
              81.55078125,
              16.689453125
            ],
            [
              81.5498046875,
              16.689453125
            ],
            [
              81.5498046875,
              16.6875
            ],
            [
              81.546875,
              16.6875
            ],
            [
              81.546875,
              16.6884765625
            ],
            [
              81.5458984375,
              16.6884765625
            ],
            [
              81.5458984375,
              16.693359375
            ],
            [
              81.544921875,
              16.693359375
            ],
            [
              81.544921875,
              16.6943359375
            ],
            [
              81.5458984375,
              16.6943359375
            ],
            [
              81.5458984375,
              16.6962890625
            ]
          ],
          [
            [
              81.5634765625,
              16.6962890625
            ],
            [
              81.564453125,
              16.6962890625
            ],
            [
              81.564453125,
              16.6953125
            ],
            [
              81.5634765625,
              16.6953125
            ],
            [
              81.5634765625,
              16.6962890625
            ]
          ],
          [
            [
              81.7109375,
              16.6962890625
            ],
            [
              81.7119140625,
              16.6962890625
            ],
            [
              81.7119140625,
              16.6953125
            ],
            [
              81.712890625,
              16.6953125
            ],
            [
              81.712890625,
              16.693359375
            ],
            [
              81.7119140625,
              16.693359375
            ],
            [
              81.7119140625,
              16.6943359375
            ],
            [
              81.7109375,
              16.6943359375
            ],
            [
              81.7109375,
              16.6962890625
            ]
          ],
          [
            [
              81.6767578125,
              16.6953125
            ],
            [
              81.677734375,
              16.6953125
            ],
            [
              81.677734375,
              16.6943359375
            ],
            [
              81.6767578125,
              16.6943359375
            ],
            [
              81.6767578125,
              16.6953125
            ]
          ],
          [
            [
              81.701171875,
              16.6953125
            ],
            [
              81.7041015625,
              16.6953125
            ],
            [
              81.7041015625,
              16.6943359375
            ],
            [
              81.701171875,
              16.6943359375
            ],
            [
              81.701171875,
              16.6953125
            ]
          ],
          [
            [
              81.51171875,
              16.6943359375
            ],
            [
              81.515625,
              16.6943359375
            ],
            [
              81.515625,
              16.693359375
            ],
            [
              81.517578125,
              16.693359375
            ],
            [
              81.517578125,
              16.69140625
            ],
            [
              81.5166015625,
              16.69140625
            ],
            [
              81.5166015625,
              16.6904296875
            ],
            [
              81.517578125,
              16.6904296875
            ],
            [
              81.517578125,
              16.689453125
            ],
            [
              81.5166015625,
              16.689453125
            ],
            [
              81.5166015625,
              16.6884765625
            ],
            [
              81.515625,
              16.6884765625
            ],
            [
              81.515625,
              16.689453125
            ],
            [
              81.513671875,
              16.689453125
            ],
            [
              81.513671875,
              16.6904296875
            ],
            [
              81.51171875,
              16.6904296875
            ],
            [
              81.51171875,
              16.6943359375
            ]
          ],
          [
            [
              81.564453125,
              16.6943359375
            ],
            [
              81.5654296875,
              16.6943359375
            ],
            [
              81.5654296875,
              16.693359375
            ],
            [
              81.564453125,
              16.693359375
            ],
            [
              81.564453125,
              16.6943359375
            ]
          ],
          [
            [
              81.6826171875,
              16.6943359375
            ],
            [
              81.68359375,
              16.6943359375
            ],
            [
              81.68359375,
              16.693359375
            ],
            [
              81.6826171875,
              16.693359375
            ],
            [
              81.6826171875,
              16.6943359375
            ]
          ],
          [
            [
              81.51953125,
              16.6904296875
            ],
            [
              81.5205078125,
              16.6904296875
            ],
            [
              81.5205078125,
              16.689453125
            ],
            [
              81.51953125,
              16.689453125
            ],
            [
              81.51953125,
              16.6904296875
            ]
          ],
          [
            [
              81.5634765625,
              16.6904296875
            ],
            [
              81.5654296875,
              16.6904296875
            ],
            [
              81.5654296875,
              16.689453125
            ],
            [
              81.5634765625,
              16.689453125
            ],
            [
              81.5634765625,
              16.6904296875
            ]
          ],
          [
            [
              81.681640625,
              16.6904296875
            ],
            [
              81.6826171875,
              16.6904296875
            ],
            [
              81.6826171875,
              16.689453125
            ],
            [
              81.681640625,
              16.689453125
            ],
            [
              81.681640625,
              16.6904296875
            ]
          ],
          [
            [
              81.5185546875,
              16.689453125
            ],
            [
              81.51953125,
              16.689453125
            ],
            [
              81.51953125,
              16.6884765625
            ],
            [
              81.5185546875,
              16.6884765625
            ],
            [
              81.5185546875,
              16.689453125
            ]
          ],
          [
            [
              81.654296875,
              16.689453125
            ],
            [
              81.6552734375,
              16.689453125
            ],
            [
              81.6552734375,
              16.6884765625
            ],
            [
              81.654296875,
              16.6884765625
            ],
            [
              81.654296875,
              16.689453125
            ]
          ],
          [
            [
              81.6826171875,
              16.689453125
            ],
            [
              81.6845703125,
              16.689453125
            ],
            [
              81.6845703125,
              16.6884765625
            ],
            [
              81.6826171875,
              16.6884765625
            ],
            [
              81.6826171875,
              16.689453125
            ]
          ],
          [
            [
              81.7099609375,
              16.689453125
            ],
            [
              81.7109375,
              16.689453125
            ],
            [
              81.7109375,
              16.6875
            ],
            [
              81.7119140625,
              16.6875
            ],
            [
              81.7119140625,
              16.6865234375
            ],
            [
              81.7099609375,
              16.6865234375
            ],
            [
              81.7099609375,
              16.689453125
            ]
          ],
          [
            [
              81.55078125,
              16.6884765625
            ],
            [
              81.552734375,
              16.6884765625
            ],
            [
              81.552734375,
              16.6875
            ],
            [
              81.5537109375,
              16.6875
            ],
            [
              81.5537109375,
              16.6806640625
            ],
            [
              81.5546875,
              16.6806640625
            ],
            [
              81.5546875,
              16.677734375
            ],
            [
              81.5537109375,
              16.677734375
            ],
            [
              81.5537109375,
              16.6787109375
            ],
            [
              81.552734375,
              16.6787109375
            ],
            [
              81.552734375,
              16.681640625
            ],
            [
              81.5517578125,
              16.681640625
            ],
            [
              81.5517578125,
              16.6875
            ],
            [
              81.55078125,
              16.6875
            ],
            [
              81.55078125,
              16.6884765625
            ]
          ],
          [
            [
              81.7333984375,
              16.6884765625
            ],
            [
              81.734375,
              16.6884765625
            ],
            [
              81.734375,
              16.6875
            ],
            [
              81.7333984375,
              16.6875
            ],
            [
              81.7333984375,
              16.6884765625
            ]
          ],
          [
            [
              81.67578125,
              16.6865234375
            ],
            [
              81.677734375,
              16.6865234375
            ],
            [
              81.677734375,
              16.685546875
            ],
            [
              81.67578125,
              16.685546875
            ],
            [
              81.67578125,
              16.6865234375
            ]
          ],
          [
            [
              81.7021484375,
              16.685546875
            ],
            [
              81.703125,
              16.685546875
            ],
            [
              81.703125,
              16.6845703125
            ],
            [
              81.7021484375,
              16.6845703125
            ],
            [
              81.7021484375,
              16.685546875
            ]
          ],
          [
            [
              81.673828125,
              16.6826171875
            ],
            [
              81.6748046875,
              16.6826171875
            ],
            [
              81.6748046875,
              16.681640625
            ],
            [
              81.673828125,
              16.681640625
            ],
            [
              81.673828125,
              16.6826171875
            ]
          ],
          [
            [
              81.70703125,
              16.681640625
            ],
            [
              81.7080078125,
              16.681640625
            ],
            [
              81.7080078125,
              16.6806640625
            ],
            [
              81.70703125,
              16.6806640625
            ],
            [
              81.70703125,
              16.681640625
            ]
          ],
          [
            [
              81.71484375,
              16.681640625
            ],
            [
              81.716796875,
              16.681640625
            ],
            [
              81.716796875,
              16.6787109375
            ],
            [
              81.71484375,
              16.6787109375
            ],
            [
              81.71484375,
              16.681640625
            ]
          ],
          [
            [
              81.6396484375,
              16.6787109375
            ],
            [
              81.640625,
              16.6787109375
            ],
            [
              81.640625,
              16.6767578125
            ],
            [
              81.6396484375,
              16.6767578125
            ],
            [
              81.6396484375,
              16.6787109375
            ]
          ],
          [
            [
              81.529296875,
              16.677734375
            ],
            [
              81.5302734375,
              16.677734375
            ],
            [
              81.5302734375,
              16.6767578125
            ],
            [
              81.529296875,
              16.6767578125
            ],
            [
              81.529296875,
              16.677734375
            ]
          ],
          [
            [
              81.51953125,
              16.6767578125
            ],
            [
              81.5205078125,
              16.6767578125
            ],
            [
              81.5205078125,
              16.67578125
            ],
            [
              81.51953125,
              16.67578125
            ],
            [
              81.51953125,
              16.6767578125
            ]
          ],
          [
            [
              81.6435546875,
              16.6767578125
            ],
            [
              81.64453125,
              16.6767578125
            ],
            [
              81.64453125,
              16.67578125
            ],
            [
              81.6455078125,
              16.67578125
            ],
            [
              81.6455078125,
              16.6748046875
            ],
            [
              81.6435546875,
              16.6748046875
            ],
            [
              81.6435546875,
              16.673828125
            ],
            [
              81.6416015625,
              16.673828125
            ],
            [
              81.6416015625,
              16.67578125
            ],
            [
              81.6435546875,
              16.67578125
            ],
            [
              81.6435546875,
              16.6767578125
            ]
          ],
          [
            [
              81.6318359375,
              16.6748046875
            ],
            [
              81.6337890625,
              16.6748046875
            ],
            [
              81.6337890625,
              16.6728515625
            ],
            [
              81.6318359375,
              16.6728515625
            ],
            [
              81.6318359375,
              16.6748046875
            ]
          ],
          [
            [
              81.6513671875,
              16.6748046875
            ],
            [
              81.65234375,
              16.6748046875
            ],
            [
              81.65234375,
              16.6728515625
            ],
            [
              81.6513671875,
              16.6728515625
            ],
            [
              81.6513671875,
              16.6748046875
            ]
          ],
          [
            [
              81.5546875,
              16.6728515625
            ],
            [
              81.5556640625,
              16.6728515625
            ],
            [
              81.5556640625,
              16.6708984375
            ],
            [
              81.5546875,
              16.6708984375
            ],
            [
              81.5546875,
              16.6728515625
            ]
          ],
          [
            [
              81.6669921875,
              16.669921875
            ],
            [
              81.66796875,
              16.669921875
            ],
            [
              81.66796875,
              16.66796875
            ],
            [
              81.666015625,
              16.66796875
            ],
            [
              81.666015625,
              16.6689453125
            ],
            [
              81.6669921875,
              16.6689453125
            ],
            [
              81.6669921875,
              16.669921875
            ]
          ],
          [
            [
              81.5458984375,
              16.6689453125
            ],
            [
              81.546875,
              16.6689453125
            ],
            [
              81.546875,
              16.66796875
            ],
            [
              81.5478515625,
              16.66796875
            ],
            [
              81.5478515625,
              16.6669921875
            ],
            [
              81.5458984375,
              16.6669921875
            ],
            [
              81.5458984375,
              16.6689453125
            ]
          ],
          [
            [
              81.5478515625,
              16.6689453125
            ],
            [
              81.548828125,
              16.6689453125
            ],
            [
              81.548828125,
              16.66796875
            ],
            [
              81.5478515625,
              16.66796875
            ],
            [
              81.5478515625,
              16.6689453125
            ]
          ],
          [
            [
              81.5439453125,
              16.66796875
            ],
            [
              81.544921875,
              16.66796875
            ],
            [
              81.544921875,
              16.6669921875
            ],
            [
              81.5439453125,
              16.6669921875
            ],
            [
              81.5439453125,
              16.66796875
            ]
          ],
          [
            [
              81.6357421875,
              16.66796875
            ],
            [
              81.6376953125,
              16.66796875
            ],
            [
              81.6376953125,
              16.666015625
            ],
            [
              81.63671875,
              16.666015625
            ],
            [
              81.63671875,
              16.6669921875
            ],
            [
              81.6357421875,
              16.6669921875
            ],
            [
              81.6357421875,
              16.66796875
            ]
          ],
          [
            [
              81.6650390625,
              16.66796875
            ],
            [
              81.666015625,
              16.66796875
            ],
            [
              81.666015625,
              16.6669921875
            ],
            [
              81.6650390625,
              16.6669921875
            ],
            [
              81.6650390625,
              16.66796875
            ]
          ],
          [
            [
              81.7373046875,
              16.6669921875
            ],
            [
              81.73828125,
              16.6669921875
            ],
            [
              81.73828125,
              16.666015625
            ],
            [
              81.7373046875,
              16.666015625
            ],
            [
              81.7373046875,
              16.6669921875
            ]
          ],
          [
            [
              81.5546875,
              16.666015625
            ],
            [
              81.5556640625,
              16.666015625
            ],
            [
              81.5556640625,
              16.6650390625
            ],
            [
              81.556640625,
              16.6650390625
            ],
            [
              81.556640625,
              16.6640625
            ],
            [
              81.5576171875,
              16.6640625
            ],
            [
              81.5576171875,
              16.6630859375
            ],
            [
              81.5595703125,
              16.6630859375
            ],
            [
              81.5595703125,
              16.662109375
            ],
            [
              81.5625,
              16.662109375
            ],
            [
              81.5625,
              16.6611328125
            ],
            [
              81.5615234375,
              16.6611328125
            ],
            [
              81.5615234375,
              16.6591796875
            ],
            [
              81.560546875,
              16.6591796875
            ],
            [
              81.560546875,
              16.658203125
            ],
            [
              81.55859375,
              16.658203125
            ],
            [
              81.55859375,
              16.6591796875
            ],
            [
              81.5576171875,
              16.6591796875
            ],
            [
              81.5576171875,
              16.66015625
            ],
            [
              81.55859375,
              16.66015625
            ],
            [
              81.55859375,
              16.6611328125
            ],
            [
              81.556640625,
              16.6611328125
            ],
            [
              81.556640625,
              16.6591796875
            ],
            [
              81.5556640625,
              16.6591796875
            ],
            [
              81.5556640625,
              16.66015625
            ],
            [
              81.5546875,
              16.66015625
            ],
            [
              81.5546875,
              16.666015625
            ]
          ],
          [
            [
              81.5791015625,
              16.666015625
            ],
            [
              81.580078125,
              16.666015625
            ],
            [
              81.580078125,
              16.6650390625
            ],
            [
              81.5791015625,
              16.6650390625
            ],
            [
              81.5791015625,
              16.666015625
            ]
          ],
          [
            [
              81.6767578125,
              16.666015625
            ],
            [
              81.677734375,
              16.666015625
            ],
            [
              81.677734375,
              16.6650390625
            ],
            [
              81.6767578125,
              16.6650390625
            ],
            [
              81.6767578125,
              16.666015625
            ]
          ],
          [
            [
              81.546875,
              16.6650390625
            ],
            [
              81.5478515625,
              16.6650390625
            ],
            [
              81.5478515625,
              16.6630859375
            ],
            [
              81.546875,
              16.6630859375
            ],
            [
              81.546875,
              16.6650390625
            ]
          ],
          [
            [
              81.57421875,
              16.6650390625
            ],
            [
              81.5751953125,
              16.6650390625
            ],
            [
              81.5751953125,
              16.662109375
            ],
            [
              81.57421875,
              16.662109375
            ],
            [
              81.57421875,
              16.6650390625
            ]
          ],
          [
            [
              81.671875,
              16.6650390625
            ],
            [
              81.673828125,
              16.6650390625
            ],
            [
              81.673828125,
              16.6640625
            ],
            [
              81.671875,
              16.6640625
            ],
            [
              81.671875,
              16.6650390625
            ]
          ],
          [
            [
              81.521484375,
              16.6640625
            ],
            [
              81.5224609375,
              16.6640625
            ],
            [
              81.5224609375,
              16.6611328125
            ],
            [
              81.521484375,
              16.6611328125
            ],
            [
              81.521484375,
              16.6640625
            ]
          ],
          [
            [
              81.62890625,
              16.6630859375
            ],
            [
              81.6298828125,
              16.6630859375
            ],
            [
              81.6298828125,
              16.662109375
            ],
            [
              81.62890625,
              16.662109375
            ],
            [
              81.62890625,
              16.6630859375
            ]
          ],
          [
            [
              81.5244140625,
              16.6611328125
            ],
            [
              81.525390625,
              16.6611328125
            ],
            [
              81.525390625,
              16.66015625
            ],
            [
              81.5244140625,
              16.66015625
            ],
            [
              81.5244140625,
              16.6611328125
            ]
          ],
          [
            [
              81.5625,
              16.6611328125
            ],
            [
              81.5634765625,
              16.6611328125
            ],
            [
              81.5634765625,
              16.66015625
            ],
            [
              81.5625,
              16.66015625
            ],
            [
              81.5625,
              16.6611328125
            ]
          ],
          [
            [
              81.5810546875,
              16.6611328125
            ],
            [
              81.58203125,
              16.6611328125
            ],
            [
              81.58203125,
              16.66015625
            ],
            [
              81.5810546875,
              16.66015625
            ],
            [
              81.5810546875,
              16.6611328125
            ]
          ],
          [
            [
              81.666015625,
              16.6611328125
            ],
            [
              81.6669921875,
              16.6611328125
            ],
            [
              81.6669921875,
              16.6591796875
            ],
            [
              81.666015625,
              16.6591796875
            ],
            [
              81.666015625,
              16.6611328125
            ]
          ],
          [
            [
              81.5263671875,
              16.66015625
            ],
            [
              81.52734375,
              16.66015625
            ],
            [
              81.52734375,
              16.6591796875
            ],
            [
              81.5263671875,
              16.6591796875
            ],
            [
              81.5263671875,
              16.66015625
            ]
          ],
          [
            [
              81.5654296875,
              16.66015625
            ],
            [
              81.56640625,
              16.66015625
            ],
            [
              81.56640625,
              16.65625
            ],
            [
              81.5654296875,
              16.65625
            ],
            [
              81.5654296875,
              16.6572265625
            ],
            [
              81.564453125,
              16.6572265625
            ],
            [
              81.564453125,
              16.658203125
            ],
            [
              81.5654296875,
              16.658203125
            ],
            [
              81.5654296875,
              16.66015625
            ]
          ],
          [
            [
              81.5205078125,
              16.658203125
            ],
            [
              81.5224609375,
              16.658203125
            ],
            [
              81.5224609375,
              16.65625
            ],
            [
              81.521484375,
              16.65625
            ],
            [
              81.521484375,
              16.6572265625
            ],
            [
              81.5205078125,
              16.6572265625
            ],
            [
              81.5205078125,
              16.658203125
            ]
          ],
          [
            [
              81.587890625,
              16.6572265625
            ],
            [
              81.58984375,
              16.6572265625
            ],
            [
              81.58984375,
              16.654296875
            ],
            [
              81.5888671875,
              16.654296875
            ],
            [
              81.5888671875,
              16.6552734375
            ],
            [
              81.587890625,
              16.6552734375
            ],
            [
              81.587890625,
              16.6572265625
            ]
          ],
          [
            [
              81.51953125,
              16.65625
            ],
            [
              81.5205078125,
              16.65625
            ],
            [
              81.5205078125,
              16.6552734375
            ],
            [
              81.51953125,
              16.6552734375
            ],
            [
              81.51953125,
              16.65625
            ]
          ],
          [
            [
              81.5263671875,
              16.65625
            ],
            [
              81.52734375,
              16.65625
            ],
            [
              81.52734375,
              16.6552734375
            ],
            [
              81.5263671875,
              16.6552734375
            ],
            [
              81.5263671875,
              16.65625
            ]
          ],
          [
            [
              81.5595703125,
              16.65625
            ],
            [
              81.5615234375,
              16.65625
            ],
            [
              81.5615234375,
              16.6552734375
            ],
            [
              81.5625,
              16.6552734375
            ],
            [
              81.5625,
              16.6533203125
            ],
            [
              81.5634765625,
              16.6533203125
            ],
            [
              81.5634765625,
              16.6513671875
            ],
            [
              81.5615234375,
              16.6513671875
            ],
            [
              81.5615234375,
              16.654296875
            ],
            [
              81.5595703125,
              16.654296875
            ],
            [
              81.5595703125,
              16.65625
            ]
          ],
          [
            [
              81.6513671875,
              16.6552734375
            ],
            [
              81.65234375,
              16.6552734375
            ],
            [
              81.65234375,
              16.654296875
            ],
            [
              81.6513671875,
              16.654296875
            ],
            [
              81.6513671875,
              16.6552734375
            ]
          ],
          [
            [
              81.708984375,
              16.6533203125
            ],
            [
              81.7099609375,
              16.6533203125
            ],
            [
              81.7099609375,
              16.65234375
            ],
            [
              81.708984375,
              16.65234375
            ],
            [
              81.708984375,
              16.6533203125
            ]
          ],
          [
            [
              81.65625,
              16.6513671875
            ],
            [
              81.6572265625,
              16.6513671875
            ],
            [
              81.6572265625,
              16.6484375
            ],
            [
              81.6552734375,
              16.6484375
            ],
            [
              81.6552734375,
              16.650390625
            ],
            [
              81.65625,
              16.650390625
            ],
            [
              81.65625,
              16.6513671875
            ]
          ],
          [
            [
              81.66015625,
              16.6513671875
            ],
            [
              81.6611328125,
              16.6513671875
            ],
            [
              81.6611328125,
              16.650390625
            ],
            [
              81.66015625,
              16.650390625
            ],
            [
              81.66015625,
              16.6513671875
            ]
          ],
          [
            [
              81.6494140625,
              16.650390625
            ],
            [
              81.650390625,
              16.650390625
            ],
            [
              81.650390625,
              16.6494140625
            ],
            [
              81.6494140625,
              16.6494140625
            ],
            [
              81.6494140625,
              16.650390625
            ]
          ],
          [
            [
              81.5654296875,
              16.6474609375
            ],
            [
              81.56640625,
              16.6474609375
            ],
            [
              81.56640625,
              16.646484375
            ],
            [
              81.5654296875,
              16.646484375
            ],
            [
              81.5654296875,
              16.6474609375
            ]
          ],
          [
            [
              81.5673828125,
              16.6474609375
            ],
            [
              81.5693359375,
              16.6474609375
            ],
            [
              81.5693359375,
              16.6455078125
            ],
            [
              81.5673828125,
              16.6455078125
            ],
            [
              81.5673828125,
              16.6474609375
            ]
          ],
          [
            [
              81.6591796875,
              16.6474609375
            ],
            [
              81.6611328125,
              16.6474609375
            ],
            [
              81.6611328125,
              16.646484375
            ],
            [
              81.6591796875,
              16.646484375
            ],
            [
              81.6591796875,
              16.6474609375
            ]
          ],
          [
            [
              81.7060546875,
              16.6474609375
            ],
            [
              81.70703125,
              16.6474609375
            ],
            [
              81.70703125,
              16.646484375
            ],
            [
              81.7060546875,
              16.646484375
            ],
            [
              81.7060546875,
              16.6474609375
            ]
          ],
          [
            [
              81.5703125,
              16.646484375
            ],
            [
              81.5712890625,
              16.646484375
            ],
            [
              81.5712890625,
              16.64453125
            ],
            [
              81.5703125,
              16.64453125
            ],
            [
              81.5703125,
              16.646484375
            ]
          ],
          [
            [
              81.73828125,
              16.646484375
            ],
            [
              81.7392578125,
              16.646484375
            ],
            [
              81.7392578125,
              16.6455078125
            ],
            [
              81.73828125,
              16.6455078125
            ],
            [
              81.73828125,
              16.646484375
            ]
          ],
          [
            [
              81.5654296875,
              16.64453125
            ],
            [
              81.56640625,
              16.64453125
            ],
            [
              81.56640625,
              16.6435546875
            ],
            [
              81.5654296875,
              16.6435546875
            ],
            [
              81.5654296875,
              16.64453125
            ]
          ],
          [
            [
              81.5673828125,
              16.64453125
            ],
            [
              81.568359375,
              16.64453125
            ],
            [
              81.568359375,
              16.6435546875
            ],
            [
              81.5693359375,
              16.6435546875
            ],
            [
              81.5693359375,
              16.640625
            ],
            [
              81.5703125,
              16.640625
            ],
            [
              81.5703125,
              16.638671875
            ],
            [
              81.5693359375,
              16.638671875
            ],
            [
              81.5693359375,
              16.6376953125
            ],
            [
              81.568359375,
              16.6376953125
            ],
            [
              81.568359375,
              16.638671875
            ],
            [
              81.5673828125,
              16.638671875
            ],
            [
              81.5673828125,
              16.6396484375
            ],
            [
              81.56640625,
              16.6396484375
            ],
            [
              81.56640625,
              16.6435546875
            ],
            [
              81.5673828125,
              16.6435546875
            ],
            [
              81.5673828125,
              16.64453125
            ]
          ],
          [
            [
              81.5712890625,
              16.642578125
            ],
            [
              81.572265625,
              16.642578125
            ],
            [
              81.572265625,
              16.640625
            ],
            [
              81.5712890625,
              16.640625
            ],
            [
              81.5712890625,
              16.642578125
            ]
          ],
          [
            [
              81.5810546875,
              16.6416015625
            ],
            [
              81.58203125,
              16.6416015625
            ],
            [
              81.58203125,
              16.640625
            ],
            [
              81.5810546875,
              16.640625
            ],
            [
              81.5810546875,
              16.6416015625
            ]
          ],
          [
            [
              81.5771484375,
              16.638671875
            ],
            [
              81.578125,
              16.638671875
            ],
            [
              81.578125,
              16.6376953125
            ],
            [
              81.5771484375,
              16.6376953125
            ],
            [
              81.5771484375,
              16.638671875
            ]
          ],
          [
            [
              81.58203125,
              16.638671875
            ],
            [
              81.5830078125,
              16.638671875
            ],
            [
              81.5830078125,
              16.6376953125
            ],
            [
              81.58203125,
              16.6376953125
            ],
            [
              81.58203125,
              16.638671875
            ]
          ],
          [
            [
              81.5810546875,
              16.6376953125
            ],
            [
              81.58203125,
              16.6376953125
            ],
            [
              81.58203125,
              16.6357421875
            ],
            [
              81.5810546875,
              16.6357421875
            ],
            [
              81.5810546875,
              16.6376953125
            ]
          ],
          [
            [
              81.5830078125,
              16.6376953125
            ],
            [
              81.583984375,
              16.6376953125
            ],
            [
              81.583984375,
              16.63671875
            ],
            [
              81.5849609375,
              16.63671875
            ],
            [
              81.5849609375,
              16.6357421875
            ],
            [
              81.5830078125,
              16.6357421875
            ],
            [
              81.5830078125,
              16.6376953125
            ]
          ],
          [
            [
              81.572265625,
              16.63671875
            ],
            [
              81.57421875,
              16.63671875
            ],
            [
              81.57421875,
              16.6357421875
            ],
            [
              81.572265625,
              16.6357421875
            ],
            [
              81.572265625,
              16.63671875
            ]
          ],
          [
            [
              81.5791015625,
              16.634765625
            ],
            [
              81.5810546875,
              16.634765625
            ],
            [
              81.5810546875,
              16.6337890625
            ],
            [
              81.5849609375,
              16.6337890625
            ],
            [
              81.5849609375,
              16.6328125
            ],
            [
              81.5830078125,
              16.6328125
            ],
            [
              81.5830078125,
              16.6318359375
            ],
            [
              81.58203125,
              16.6318359375
            ],
            [
              81.58203125,
              16.630859375
            ],
            [
              81.5810546875,
              16.630859375
            ],
            [
              81.5810546875,
              16.62890625
            ],
            [
              81.580078125,
              16.62890625
            ],
            [
              81.580078125,
              16.6279296875
            ],
            [
              81.5791015625,
              16.6279296875
            ],
            [
              81.5791015625,
              16.630859375
            ],
            [
              81.578125,
              16.630859375
            ],
            [
              81.578125,
              16.6318359375
            ],
            [
              81.5791015625,
              16.6318359375
            ],
            [
              81.5791015625,
              16.634765625
            ]
          ],
          [
            [
              81.591796875,
              16.6328125
            ],
            [
              81.5927734375,
              16.6328125
            ],
            [
              81.5927734375,
              16.6318359375
            ],
            [
              81.591796875,
              16.6318359375
            ],
            [
              81.591796875,
              16.6328125
            ]
          ],
          [
            [
              81.537109375,
              16.6318359375
            ],
            [
              81.5380859375,
              16.6318359375
            ],
            [
              81.5380859375,
              16.630859375
            ],
            [
              81.537109375,
              16.630859375
            ],
            [
              81.537109375,
              16.6318359375
            ]
          ],
          [
            [
              81.5830078125,
              16.6318359375
            ],
            [
              81.583984375,
              16.6318359375
            ],
            [
              81.583984375,
              16.630859375
            ],
            [
              81.5869140625,
              16.630859375
            ],
            [
              81.5869140625,
              16.62890625
            ],
            [
              81.583984375,
              16.62890625
            ],
            [
              81.583984375,
              16.6298828125
            ],
            [
              81.5830078125,
              16.6298828125
            ],
            [
              81.5830078125,
              16.6318359375
            ]
          ],
          [
            [
              81.5927734375,
              16.6318359375
            ],
            [
              81.59375,
              16.6318359375
            ],
            [
              81.59375,
              16.630859375
            ],
            [
              81.5927734375,
              16.630859375
            ],
            [
              81.5927734375,
              16.6318359375
            ]
          ],
          [
            [
              81.7041015625,
              16.6318359375
            ],
            [
              81.705078125,
              16.6318359375
            ],
            [
              81.705078125,
              16.630859375
            ],
            [
              81.7041015625,
              16.630859375
            ],
            [
              81.7041015625,
              16.6318359375
            ]
          ],
          [
            [
              81.576171875,
              16.630859375
            ],
            [
              81.5771484375,
              16.630859375
            ],
            [
              81.5771484375,
              16.62890625
            ],
            [
              81.576171875,
              16.62890625
            ],
            [
              81.576171875,
              16.630859375
            ]
          ],
          [
            [
              81.587890625,
              16.6298828125
            ],
            [
              81.5888671875,
              16.6298828125
            ],
            [
              81.5888671875,
              16.62890625
            ],
            [
              81.587890625,
              16.62890625
            ],
            [
              81.587890625,
              16.6298828125
            ]
          ],
          [
            [
              81.5908203125,
              16.6298828125
            ],
            [
              81.591796875,
              16.6298828125
            ],
            [
              81.591796875,
              16.62890625
            ],
            [
              81.5908203125,
              16.62890625
            ],
            [
              81.5908203125,
              16.6298828125
            ]
          ],
          [
            [
              81.59765625,
              16.6298828125
            ],
            [
              81.6005859375,
              16.6298828125
            ],
            [
              81.6005859375,
              16.62890625
            ],
            [
              81.6015625,
              16.62890625
            ],
            [
              81.6015625,
              16.6279296875
            ],
            [
              81.6025390625,
              16.6279296875
            ],
            [
              81.6025390625,
              16.6240234375
            ],
            [
              81.6015625,
              16.6240234375
            ],
            [
              81.6015625,
              16.626953125
            ],
            [
              81.6005859375,
              16.626953125
            ],
            [
              81.6005859375,
              16.6279296875
            ],
            [
              81.599609375,
              16.6279296875
            ],
            [
              81.599609375,
              16.62890625
            ],
            [
              81.59765625,
              16.62890625
            ],
            [
              81.59765625,
              16.6298828125
            ]
          ],
          [
            [
              81.6015625,
              16.6298828125
            ],
            [
              81.6025390625,
              16.6298828125
            ],
            [
              81.6025390625,
              16.62890625
            ],
            [
              81.6015625,
              16.62890625
            ],
            [
              81.6015625,
              16.6298828125
            ]
          ],
          [
            [
              81.595703125,
              16.62890625
            ],
            [
              81.59765625,
              16.62890625
            ],
            [
              81.59765625,
              16.626953125
            ],
            [
              81.5966796875,
              16.626953125
            ],
            [
              81.5966796875,
              16.6259765625
            ],
            [
              81.595703125,
              16.6259765625
            ],
            [
              81.595703125,
              16.626953125
            ],
            [
              81.5947265625,
              16.626953125
            ],
            [
              81.5947265625,
              16.6279296875
            ],
            [
              81.595703125,
              16.6279296875
            ],
            [
              81.595703125,
              16.62890625
            ]
          ],
          [
            [
              81.6865234375,
              16.62890625
            ],
            [
              81.6875,
              16.62890625
            ],
            [
              81.6875,
              16.6259765625
            ],
            [
              81.6865234375,
              16.6259765625
            ],
            [
              81.6865234375,
              16.62890625
            ]
          ],
          [
            [
              81.5869140625,
              16.6279296875
            ],
            [
              81.587890625,
              16.6279296875
            ],
            [
              81.587890625,
              16.625
            ],
            [
              81.5869140625,
              16.625
            ],
            [
              81.5869140625,
              16.623046875
            ],
            [
              81.5859375,
              16.623046875
            ],
            [
              81.5859375,
              16.6220703125
            ],
            [
              81.5849609375,
              16.6220703125
            ],
            [
              81.5849609375,
              16.6259765625
            ],
            [
              81.5859375,
              16.6259765625
            ],
            [
              81.5859375,
              16.626953125
            ],
            [
              81.5869140625,
              16.626953125
            ],
            [
              81.5869140625,
              16.6279296875
            ]
          ],
          [
            [
              81.541015625,
              16.6259765625
            ],
            [
              81.5419921875,
              16.6259765625
            ],
            [
              81.5419921875,
              16.625
            ],
            [
              81.541015625,
              16.625
            ],
            [
              81.541015625,
              16.6259765625
            ]
          ],
          [
            [
              81.5888671875,
              16.6259765625
            ],
            [
              81.58984375,
              16.6259765625
            ],
            [
              81.58984375,
              16.6240234375
            ],
            [
              81.5888671875,
              16.6240234375
            ],
            [
              81.5888671875,
              16.6259765625
            ]
          ],
          [
            [
              81.7080078125,
              16.6259765625
            ],
            [
              81.708984375,
              16.6259765625
            ],
            [
              81.708984375,
              16.625
            ],
            [
              81.7080078125,
              16.625
            ],
            [
              81.7080078125,
              16.6259765625
            ]
          ],
          [
            [
              81.6767578125,
              16.625
            ],
            [
              81.677734375,
              16.625
            ],
            [
              81.677734375,
              16.62109375
            ],
            [
              81.6767578125,
              16.62109375
            ],
            [
              81.6767578125,
              16.625
            ]
          ],
          [
            [
              81.681640625,
              16.625
            ],
            [
              81.6826171875,
              16.625
            ],
            [
              81.6826171875,
              16.6240234375
            ],
            [
              81.681640625,
              16.6240234375
            ],
            [
              81.681640625,
              16.625
            ]
          ],
          [
            [
              81.71875,
              16.625
            ],
            [
              81.720703125,
              16.625
            ],
            [
              81.720703125,
              16.6240234375
            ],
            [
              81.71875,
              16.6240234375
            ],
            [
              81.71875,
              16.625
            ]
          ],
          [
            [
              81.546875,
              16.6240234375
            ],
            [
              81.5478515625,
              16.6240234375
            ],
            [
              81.5478515625,
              16.623046875
            ],
            [
              81.546875,
              16.623046875
            ],
            [
              81.546875,
              16.6240234375
            ]
          ],
          [
            [
              81.58984375,
              16.6240234375
            ],
            [
              81.591796875,
              16.6240234375
            ],
            [
              81.591796875,
              16.6220703125
            ],
            [
              81.5927734375,
              16.6220703125
            ],
            [
              81.5927734375,
              16.6201171875
            ],
            [
              81.59375,
              16.6201171875
            ],
            [
              81.59375,
              16.6171875
            ],
            [
              81.5927734375,
              16.6171875
            ],
            [
              81.5927734375,
              16.619140625
            ],
            [
              81.591796875,
              16.619140625
            ],
            [
              81.591796875,
              16.62109375
            ],
            [
              81.5908203125,
              16.62109375
            ],
            [
              81.5908203125,
              16.6201171875
            ],
            [
              81.58984375,
              16.6201171875
            ],
            [
              81.58984375,
              16.62109375
            ],
            [
              81.5888671875,
              16.62109375
            ],
            [
              81.5888671875,
              16.623046875
            ],
            [
              81.58984375,
              16.623046875
            ],
            [
              81.58984375,
              16.6240234375
            ]
          ],
          [
            [
              81.60546875,
              16.6240234375
            ],
            [
              81.6064453125,
              16.6240234375
            ],
            [
              81.6064453125,
              16.623046875
            ],
            [
              81.60546875,
              16.623046875
            ],
            [
              81.60546875,
              16.6240234375
            ]
          ],
          [
            [
              81.6650390625,
              16.6240234375
            ],
            [
              81.666015625,
              16.6240234375
            ],
            [
              81.666015625,
              16.62109375
            ],
            [
              81.6669921875,
              16.62109375
            ],
            [
              81.6669921875,
              16.6201171875
            ],
            [
              81.66796875,
              16.6201171875
            ],
            [
              81.66796875,
              16.619140625
            ],
            [
              81.6689453125,
              16.619140625
            ],
            [
              81.6689453125,
              16.6181640625
            ],
            [
              81.6708984375,
              16.6181640625
            ],
            [
              81.6708984375,
              16.6171875
            ],
            [
              81.673828125,
              16.6171875
            ],
            [
              81.673828125,
              16.6162109375
            ],
            [
              81.67578125,
              16.6162109375
            ],
            [
              81.67578125,
              16.6171875
            ],
            [
              81.677734375,
              16.6171875
            ],
            [
              81.677734375,
              16.6123046875
            ],
            [
              81.6767578125,
              16.6123046875
            ],
            [
              81.6767578125,
              16.61328125
            ],
            [
              81.67578125,
              16.61328125
            ],
            [
              81.67578125,
              16.615234375
            ],
            [
              81.6748046875,
              16.615234375
            ],
            [
              81.6748046875,
              16.6142578125
            ],
            [
              81.673828125,
              16.6142578125
            ],
            [
              81.673828125,
              16.61328125
            ],
            [
              81.6728515625,
              16.61328125
            ],
            [
              81.6728515625,
              16.615234375
            ],
            [
              81.6708984375,
              16.615234375
            ],
            [
              81.6708984375,
              16.6162109375
            ],
            [
              81.6689453125,
              16.6162109375
            ],
            [
              81.6689453125,
              16.615234375
            ],
            [
              81.6669921875,
              16.615234375
            ],
            [
              81.6669921875,
              16.6142578125
            ],
            [
              81.66796875,
              16.6142578125
            ],
            [
              81.66796875,
              16.61328125
            ],
            [
              81.6669921875,
              16.61328125
            ],
            [
              81.6669921875,
              16.6123046875
            ],
            [
              81.666015625,
              16.6123046875
            ],
            [
              81.666015625,
              16.6142578125
            ],
            [
              81.6650390625,
              16.6142578125
            ],
            [
              81.6650390625,
              16.615234375
            ],
            [
              81.6630859375,
              16.615234375
            ],
            [
              81.6630859375,
              16.6142578125
            ],
            [
              81.6640625,
              16.6142578125
            ],
            [
              81.6640625,
              16.6123046875
            ],
            [
              81.6630859375,
              16.6123046875
            ],
            [
              81.6630859375,
              16.61328125
            ],
            [
              81.6611328125,
              16.61328125
            ],
            [
              81.6611328125,
              16.6142578125
            ],
            [
              81.662109375,
              16.6142578125
            ],
            [
              81.662109375,
              16.615234375
            ],
            [
              81.6611328125,
              16.615234375
            ],
            [
              81.6611328125,
              16.6162109375
            ],
            [
              81.66015625,
              16.6162109375
            ],
            [
              81.66015625,
              16.6181640625
            ],
            [
              81.6611328125,
              16.6181640625
            ],
            [
              81.6611328125,
              16.6171875
            ],
            [
              81.662109375,
              16.6171875
            ],
            [
              81.662109375,
              16.6181640625
            ],
            [
              81.6630859375,
              16.6181640625
            ],
            [
              81.6630859375,
              16.62109375
            ],
            [
              81.6640625,
              16.62109375
            ],
            [
              81.6640625,
              16.6220703125
            ],
            [
              81.6650390625,
              16.6220703125
            ],
            [
              81.6650390625,
              16.6240234375
            ]
          ],
          [
            [
              81.6748046875,
              16.6240234375
            ],
            [
              81.67578125,
              16.6240234375
            ],
            [
              81.67578125,
              16.623046875
            ],
            [
              81.6748046875,
              16.623046875
            ],
            [
              81.6748046875,
              16.6240234375
            ]
          ],
          [
            [
              81.54296875,
              16.623046875
            ],
            [
              81.544921875,
              16.623046875
            ],
            [
              81.544921875,
              16.6220703125
            ],
            [
              81.54296875,
              16.6220703125
            ],
            [
              81.54296875,
              16.623046875
            ]
          ],
          [
            [
              81.5556640625,
              16.623046875
            ],
            [
              81.556640625,
              16.623046875
            ],
            [
              81.556640625,
              16.6220703125
            ],
            [
              81.5556640625,
              16.6220703125
            ],
            [
              81.5556640625,
              16.623046875
            ]
          ],
          [
            [
              81.5498046875,
              16.6220703125
            ],
            [
              81.55078125,
              16.6220703125
            ],
            [
              81.55078125,
              16.62109375
            ],
            [
              81.5498046875,
              16.62109375
            ],
            [
              81.5498046875,
              16.6220703125
            ]
          ],
          [
            [
              81.60546875,
              16.6220703125
            ],
            [
              81.6064453125,
              16.6220703125
            ],
            [
              81.6064453125,
              16.62109375
            ],
            [
              81.60546875,
              16.62109375
            ],
            [
              81.60546875,
              16.6220703125
            ]
          ],
          [
            [
              81.595703125,
              16.62109375
            ],
            [
              81.5966796875,
              16.62109375
            ],
            [
              81.5966796875,
              16.6201171875
            ],
            [
              81.595703125,
              16.6201171875
            ],
            [
              81.595703125,
              16.62109375
            ]
          ],
          [
            [
              81.671875,
              16.62109375
            ],
            [
              81.6728515625,
              16.62109375
            ],
            [
              81.6728515625,
              16.6201171875
            ],
            [
              81.671875,
              16.6201171875
            ],
            [
              81.671875,
              16.62109375
            ]
          ],
          [
            [
              81.6796875,
              16.62109375
            ],
            [
              81.6806640625,
              16.62109375
            ],
            [
              81.6806640625,
              16.6201171875
            ],
            [
              81.6796875,
              16.6201171875
            ],
            [
              81.6796875,
              16.62109375
            ]
          ],
          [
            [
              81.6904296875,
              16.62109375
            ],
            [
              81.6923828125,
              16.62109375
            ],
            [
              81.6923828125,
              16.6201171875
            ],
            [
              81.69140625,
              16.6201171875
            ],
            [
              81.69140625,
              16.6181640625
            ],
            [
              81.6904296875,
              16.6181640625
            ],
            [
              81.6904296875,
              16.619140625
            ],
            [
              81.689453125,
              16.619140625
            ],
            [
              81.689453125,
              16.6201171875
            ],
            [
              81.6904296875,
              16.6201171875
            ],
            [
              81.6904296875,
              16.62109375
            ]
          ],
          [
            [
              81.6953125,
              16.62109375
            ],
            [
              81.697265625,
              16.62109375
            ],
            [
              81.697265625,
              16.6201171875
            ],
            [
              81.6953125,
              16.6201171875
            ],
            [
              81.6953125,
              16.62109375
            ]
          ],
          [
            [
              81.7265625,
              16.62109375
            ],
            [
              81.7275390625,
              16.62109375
            ],
            [
              81.7275390625,
              16.619140625
            ],
            [
              81.728515625,
              16.619140625
            ],
            [
              81.728515625,
              16.6171875
            ],
            [
              81.7294921875,
              16.6171875
            ],
            [
              81.7294921875,
              16.6162109375
            ],
            [
              81.73046875,
              16.6162109375
            ],
            [
              81.73046875,
              16.6171875
            ],
            [
              81.732421875,
              16.6171875
            ],
            [
              81.732421875,
              16.619140625
            ],
            [
              81.7333984375,
              16.619140625
            ],
            [
              81.7333984375,
              16.6181640625
            ],
            [
              81.734375,
              16.6181640625
            ],
            [
              81.734375,
              16.6171875
            ],
            [
              81.7353515625,
              16.6171875
            ],
            [
              81.7353515625,
              16.6162109375
            ],
            [
              81.734375,
              16.6162109375
            ],
            [
              81.734375,
              16.615234375
            ],
            [
              81.736328125,
              16.615234375
            ],
            [
              81.736328125,
              16.6162109375
            ],
            [
              81.73828125,
              16.6162109375
            ],
            [
              81.73828125,
              16.6171875
            ],
            [
              81.740234375,
              16.6171875
            ],
            [
              81.740234375,
              16.615234375
            ],
            [
              81.7412109375,
              16.615234375
            ],
            [
              81.7412109375,
              16.6142578125
            ],
            [
              81.7431640625,
              16.6142578125
            ],
            [
              81.7431640625,
              16.611328125
            ],
            [
              81.7421875,
              16.611328125
            ],
            [
              81.7421875,
              16.6123046875
            ],
            [
              81.7412109375,
              16.6123046875
            ],
            [
              81.7412109375,
              16.6103515625
            ],
            [
              81.7431640625,
              16.6103515625
            ],
            [
              81.7431640625,
              16.609375
            ],
            [
              81.7412109375,
              16.609375
            ],
            [
              81.7412109375,
              16.6083984375
            ],
            [
              81.7421875,
              16.6083984375
            ],
            [
              81.7421875,
              16.6064453125
            ],
            [
              81.7431640625,
              16.6064453125
            ],
            [
              81.7431640625,
              16.60546875
            ],
            [
              81.7412109375,
              16.60546875
            ],
            [
              81.7412109375,
              16.6064453125
            ],
            [
              81.740234375,
              16.6064453125
            ],
            [
              81.740234375,
              16.609375
            ],
            [
              81.7392578125,
              16.609375
            ],
            [
              81.7392578125,
              16.6103515625
            ],
            [
              81.73828125,
              16.6103515625
            ],
            [
              81.73828125,
              16.611328125
            ],
            [
              81.734375,
              16.611328125
            ],
            [
              81.734375,
              16.61328125
            ],
            [
              81.7333984375,
              16.61328125
            ],
            [
              81.7333984375,
              16.611328125
            ],
            [
              81.732421875,
              16.611328125
            ],
            [
              81.732421875,
              16.6123046875
            ],
            [
              81.7314453125,
              16.6123046875
            ],
            [
              81.7314453125,
              16.6083984375
            ],
            [
              81.73046875,
              16.6083984375
            ],
            [
              81.73046875,
              16.609375
            ],
            [
              81.7294921875,
              16.609375
            ],
            [
              81.7294921875,
              16.6103515625
            ],
            [
              81.728515625,
              16.6103515625
            ],
            [
              81.728515625,
              16.611328125
            ],
            [
              81.7275390625,
              16.611328125
            ],
            [
              81.7275390625,
              16.6103515625
            ],
            [
              81.7255859375,
              16.6103515625
            ],
            [
              81.7255859375,
              16.611328125
            ],
            [
              81.724609375,
              16.611328125
            ],
            [
              81.724609375,
              16.6103515625
            ],
            [
              81.72265625,
              16.6103515625
            ],
            [
              81.72265625,
              16.609375
            ],
            [
              81.720703125,
              16.609375
            ],
            [
              81.720703125,
              16.6083984375
            ],
            [
              81.7197265625,
              16.6083984375
            ],
            [
              81.7197265625,
              16.6103515625
            ],
            [
              81.7138671875,
              16.6103515625
            ],
            [
              81.7138671875,
              16.611328125
            ],
            [
              81.71484375,
              16.611328125
            ],
            [
              81.71484375,
              16.6123046875
            ],
            [
              81.7177734375,
              16.6123046875
            ],
            [
              81.7177734375,
              16.6142578125
            ],
            [
              81.7197265625,
              16.6142578125
            ],
            [
              81.7197265625,
              16.615234375
            ],
            [
              81.720703125,
              16.615234375
            ],
            [
              81.720703125,
              16.6123046875
            ],
            [
              81.7216796875,
              16.6123046875
            ],
            [
              81.7216796875,
              16.615234375
            ],
            [
              81.7236328125,
              16.615234375
            ],
            [
              81.7236328125,
              16.6171875
            ],
            [
              81.724609375,
              16.6171875
            ],
            [
              81.724609375,
              16.6181640625
            ],
            [
              81.7265625,
              16.6181640625
            ],
            [
              81.7265625,
              16.62109375
            ]
          ],
          [
            [
              81.7314453125,
              16.62109375
            ],
            [
              81.732421875,
              16.62109375
            ],
            [
              81.732421875,
              16.619140625
            ],
            [
              81.7314453125,
              16.619140625
            ],
            [
              81.7314453125,
              16.62109375
            ]
          ],
          [
            [
              81.5517578125,
              16.6201171875
            ],
            [
              81.552734375,
              16.6201171875
            ],
            [
              81.552734375,
              16.6181640625
            ],
            [
              81.5517578125,
              16.6181640625
            ],
            [
              81.5517578125,
              16.6201171875
            ]
          ],
          [
            [
              81.642578125,
              16.6201171875
            ],
            [
              81.6435546875,
              16.6201171875
            ],
            [
              81.6435546875,
              16.619140625
            ],
            [
              81.642578125,
              16.619140625
            ],
            [
              81.642578125,
              16.6201171875
            ]
          ],
          [
            [
              81.6767578125,
              16.6201171875
            ],
            [
              81.6787109375,
              16.6201171875
            ],
            [
              81.6787109375,
              16.6181640625
            ],
            [
              81.6767578125,
              16.6181640625
            ],
            [
              81.6767578125,
              16.6201171875
            ]
          ],
          [
            [
              81.5458984375,
              16.619140625
            ],
            [
              81.546875,
              16.619140625
            ],
            [
              81.546875,
              16.6181640625
            ],
            [
              81.5458984375,
              16.6181640625
            ],
            [
              81.5458984375,
              16.619140625
            ]
          ],
          [
            [
              81.5498046875,
              16.619140625
            ],
            [
              81.55078125,
              16.619140625
            ],
            [
              81.55078125,
              16.6181640625
            ],
            [
              81.5498046875,
              16.6181640625
            ],
            [
              81.5498046875,
              16.619140625
            ]
          ],
          [
            [
              81.6494140625,
              16.619140625
            ],
            [
              81.650390625,
              16.619140625
            ],
            [
              81.650390625,
              16.6181640625
            ],
            [
              81.6494140625,
              16.6181640625
            ],
            [
              81.6494140625,
              16.619140625
            ]
          ],
          [
            [
              81.654296875,
              16.619140625
            ],
            [
              81.6572265625,
              16.619140625
            ],
            [
              81.6572265625,
              16.6162109375
            ],
            [
              81.65625,
              16.6162109375
            ],
            [
              81.65625,
              16.6181640625
            ],
            [
              81.6552734375,
              16.6181640625
            ],
            [
              81.6552734375,
              16.6162109375
            ],
            [
              81.654296875,
              16.6162109375
            ],
            [
              81.654296875,
              16.619140625
            ]
          ],
          [
            [
              81.6865234375,
              16.619140625
            ],
            [
              81.6875,
              16.619140625
            ],
            [
              81.6875,
              16.6181640625
            ],
            [
              81.6865234375,
              16.6181640625
            ],
            [
              81.6865234375,
              16.619140625
            ]
          ],
          [
            [
              81.51171875,
              16.6181640625
            ],
            [
              81.5126953125,
              16.6181640625
            ],
            [
              81.5126953125,
              16.6171875
            ],
            [
              81.51171875,
              16.6171875
            ],
            [
              81.51171875,
              16.6181640625
            ]
          ],
          [
            [
              81.546875,
              16.6181640625
            ],
            [
              81.548828125,
              16.6181640625
            ],
            [
              81.548828125,
              16.6171875
            ],
            [
              81.5498046875,
              16.6171875
            ],
            [
              81.5498046875,
              16.6162109375
            ],
            [
              81.548828125,
              16.6162109375
            ],
            [
              81.548828125,
              16.615234375
            ],
            [
              81.5478515625,
              16.615234375
            ],
            [
              81.5478515625,
              16.6171875
            ],
            [
              81.546875,
              16.6171875
            ],
            [
              81.546875,
              16.6181640625
            ]
          ],
          [
            [
              81.595703125,
              16.6181640625
            ],
            [
              81.5966796875,
              16.6181640625
            ],
            [
              81.5966796875,
              16.6171875
            ],
            [
              81.595703125,
              16.6171875
            ],
            [
              81.595703125,
              16.6181640625
            ]
          ],
          [
            [
              81.6806640625,
              16.6181640625
            ],
            [
              81.681640625,
              16.6181640625
            ],
            [
              81.681640625,
              16.6171875
            ],
            [
              81.6806640625,
              16.6171875
            ],
            [
              81.6806640625,
              16.6181640625
            ]
          ],
          [
            [
              81.68359375,
              16.6181640625
            ],
            [
              81.685546875,
              16.6181640625
            ],
            [
              81.685546875,
              16.6171875
            ],
            [
              81.68359375,
              16.6171875
            ],
            [
              81.68359375,
              16.6181640625
            ]
          ],
          [
            [
              81.5400390625,
              16.6171875
            ],
            [
              81.541015625,
              16.6171875
            ],
            [
              81.541015625,
              16.6142578125
            ],
            [
              81.5400390625,
              16.6142578125
            ],
            [
              81.5400390625,
              16.6171875
            ]
          ],
          [
            [
              81.5517578125,
              16.6171875
            ],
            [
              81.552734375,
              16.6171875
            ],
            [
              81.552734375,
              16.615234375
            ],
            [
              81.5517578125,
              16.615234375
            ],
            [
              81.5517578125,
              16.6142578125
            ],
            [
              81.5498046875,
              16.6142578125
            ],
            [
              81.5498046875,
              16.615234375
            ],
            [
              81.55078125,
              16.615234375
            ],
            [
              81.55078125,
              16.6162109375
            ],
            [
              81.5517578125,
              16.6162109375
            ],
            [
              81.5517578125,
              16.6171875
            ]
          ],
          [
            [
              81.6474609375,
              16.6171875
            ],
            [
              81.6533203125,
              16.6171875
            ],
            [
              81.6533203125,
              16.6142578125
            ],
            [
              81.65234375,
              16.6142578125
            ],
            [
              81.65234375,
              16.61328125
            ],
            [
              81.6513671875,
              16.61328125
            ],
            [
              81.6513671875,
              16.615234375
            ],
            [
              81.6484375,
              16.615234375
            ],
            [
              81.6484375,
              16.6162109375
            ],
            [
              81.6474609375,
              16.6162109375
            ],
            [
              81.6474609375,
              16.6171875
            ]
          ],
          [
            [
              81.6796875,
              16.6171875
            ],
            [
              81.6806640625,
              16.6171875
            ],
            [
              81.6806640625,
              16.615234375
            ],
            [
              81.6796875,
              16.615234375
            ],
            [
              81.6796875,
              16.6171875
            ]
          ],
          [
            [
              81.6904296875,
              16.6171875
            ],
            [
              81.69140625,
              16.6171875
            ],
            [
              81.69140625,
              16.6162109375
            ],
            [
              81.6904296875,
              16.6162109375
            ],
            [
              81.6904296875,
              16.6171875
            ]
          ],
          [
            [
              81.6982421875,
              16.6171875
            ],
            [
              81.69921875,
              16.6171875
            ],
            [
              81.69921875,
              16.6162109375
            ],
            [
              81.6982421875,
              16.6162109375
            ],
            [
              81.6982421875,
              16.6171875
            ]
          ],
          [
            [
              81.5283203125,
              16.6162109375
            ],
            [
              81.529296875,
              16.6162109375
            ],
            [
              81.529296875,
              16.615234375
            ],
            [
              81.5283203125,
              16.615234375
            ],
            [
              81.5283203125,
              16.6162109375
            ]
          ],
          [
            [
              81.5458984375,
              16.6162109375
            ],
            [
              81.546875,
              16.6162109375
            ],
            [
              81.546875,
              16.615234375
            ],
            [
              81.5478515625,
              16.615234375
            ],
            [
              81.5478515625,
              16.6142578125
            ],
            [
              81.546875,
              16.6142578125
            ],
            [
              81.546875,
              16.61328125
            ],
            [
              81.5458984375,
              16.61328125
            ],
            [
              81.5458984375,
              16.6162109375
            ]
          ],
          [
            [
              81.568359375,
              16.6162109375
            ],
            [
              81.5693359375,
              16.6162109375
            ],
            [
              81.5693359375,
              16.615234375
            ],
            [
              81.568359375,
              16.615234375
            ],
            [
              81.568359375,
              16.6162109375
            ]
          ],
          [
            [
              81.658203125,
              16.6162109375
            ],
            [
              81.6591796875,
              16.6162109375
            ],
            [
              81.6591796875,
              16.6142578125
            ],
            [
              81.658203125,
              16.6142578125
            ],
            [
              81.658203125,
              16.6162109375
            ]
          ],
          [
            [
              81.6875,
              16.6162109375
            ],
            [
              81.689453125,
              16.6162109375
            ],
            [
              81.689453125,
              16.615234375
            ],
            [
              81.69140625,
              16.615234375
            ],
            [
              81.69140625,
              16.6142578125
            ],
            [
              81.6953125,
              16.6142578125
            ],
            [
              81.6953125,
              16.61328125
            ],
            [
              81.6923828125,
              16.61328125
            ],
            [
              81.6923828125,
              16.6123046875
            ],
            [
              81.69140625,
              16.6123046875
            ],
            [
              81.69140625,
              16.611328125
            ],
            [
              81.6943359375,
              16.611328125
            ],
            [
              81.6943359375,
              16.6123046875
            ],
            [
              81.6962890625,
              16.6123046875
            ],
            [
              81.6962890625,
              16.61328125
            ],
            [
              81.6982421875,
              16.61328125
            ],
            [
              81.6982421875,
              16.6142578125
            ],
            [
              81.6962890625,
              16.6142578125
            ],
            [
              81.6962890625,
              16.615234375
            ],
            [
              81.69921875,
              16.615234375
            ],
            [
              81.69921875,
              16.6142578125
            ],
            [
              81.7001953125,
              16.6142578125
            ],
            [
              81.7001953125,
              16.615234375
            ],
            [
              81.701171875,
              16.615234375
            ],
            [
              81.701171875,
              16.6142578125
            ],
            [
              81.7021484375,
              16.6142578125
            ],
            [
              81.7021484375,
              16.609375
            ],
            [
              81.69921875,
              16.609375
            ],
            [
              81.69921875,
              16.6103515625
            ],
            [
              81.697265625,
              16.6103515625
            ],
            [
              81.697265625,
              16.6083984375
            ],
            [
              81.6982421875,
              16.6083984375
            ],
            [
              81.6982421875,
              16.607421875
            ],
            [
              81.6953125,
              16.607421875
            ],
            [
              81.6953125,
              16.6064453125
            ],
            [
              81.6943359375,
              16.6064453125
            ],
            [
              81.6943359375,
              16.60546875
            ],
            [
              81.693359375,
              16.60546875
            ],
            [
              81.693359375,
              16.6044921875
            ],
            [
              81.6923828125,
              16.6044921875
            ],
            [
              81.6923828125,
              16.6064453125
            ],
            [
              81.693359375,
              16.6064453125
            ],
            [
              81.693359375,
              16.607421875
            ],
            [
              81.689453125,
              16.607421875
            ],
            [
              81.689453125,
              16.6064453125
            ],
            [
              81.6884765625,
              16.6064453125
            ],
            [
              81.6884765625,
              16.60546875
            ],
            [
              81.6865234375,
              16.60546875
            ],
            [
              81.6865234375,
              16.6005859375
            ],
            [
              81.6884765625,
              16.6005859375
            ],
            [
              81.6884765625,
              16.5986328125
            ],
            [
              81.6845703125,
              16.5986328125
            ],
            [
              81.6845703125,
              16.599609375
            ],
            [
              81.6826171875,
              16.599609375
            ],
            [
              81.6826171875,
              16.6015625
            ],
            [
              81.681640625,
              16.6015625
            ],
            [
              81.681640625,
              16.599609375
            ],
            [
              81.6806640625,
              16.599609375
            ],
            [
              81.6806640625,
              16.6064453125
            ],
            [
              81.677734375,
              16.6064453125
            ],
            [
              81.677734375,
              16.60546875
            ],
            [
              81.6748046875,
              16.60546875
            ],
            [
              81.6748046875,
              16.6103515625
            ],
            [
              81.67578125,
              16.6103515625
            ],
            [
              81.67578125,
              16.6083984375
            ],
            [
              81.677734375,
              16.6083984375
            ],
            [
              81.677734375,
              16.609375
            ],
            [
              81.6767578125,
              16.609375
            ],
            [
              81.6767578125,
              16.6103515625
            ],
            [
              81.677734375,
              16.6103515625
            ],
            [
              81.677734375,
              16.6123046875
            ],
            [
              81.6787109375,
              16.6123046875
            ],
            [
              81.6787109375,
              16.6103515625
            ],
            [
              81.681640625,
              16.6103515625
            ],
            [
              81.681640625,
              16.609375
            ],
            [
              81.6796875,
              16.609375
            ],
            [
              81.6796875,
              16.607421875
            ],
            [
              81.681640625,
              16.607421875
            ],
            [
              81.681640625,
              16.6064453125
            ],
            [
              81.6826171875,
              16.6064453125
            ],
            [
              81.6826171875,
              16.607421875
            ],
            [
              81.68359375,
              16.607421875
            ],
            [
              81.68359375,
              16.6064453125
            ],
            [
              81.6875,
              16.6064453125
            ],
            [
              81.6875,
              16.607421875
            ],
            [
              81.6884765625,
              16.607421875
            ],
            [
              81.6884765625,
              16.6083984375
            ],
            [
              81.6865234375,
              16.6083984375
            ],
            [
              81.6865234375,
              16.6103515625
            ],
            [
              81.6875,
              16.6103515625
            ],
            [
              81.6875,
              16.611328125
            ],
            [
              81.6865234375,
              16.611328125
            ],
            [
              81.6865234375,
              16.61328125
            ],
            [
              81.685546875,
              16.61328125
            ],
            [
              81.685546875,
              16.6142578125
            ],
            [
              81.6865234375,
              16.6142578125
            ],
            [
              81.6865234375,
              16.615234375
            ],
            [
              81.6875,
              16.615234375
            ],
            [
              81.6875,
              16.6162109375
            ]
          ],
          [
            [
              81.6953125,
              16.6162109375
            ],
            [
              81.6962890625,
              16.6162109375
            ],
            [
              81.6962890625,
              16.615234375
            ],
            [
              81.6953125,
              16.615234375
            ],
            [
              81.6953125,
              16.6162109375
            ]
          ],
          [
            [
              81.560546875,
              16.615234375
            ],
            [
              81.5625,
              16.615234375
            ],
            [
              81.5625,
              16.6142578125
            ],
            [
              81.560546875,
              16.6142578125
            ],
            [
              81.560546875,
              16.615234375
            ]
          ],
          [
            [
              81.5986328125,
              16.615234375
            ],
            [
              81.6005859375,
              16.615234375
            ],
            [
              81.6005859375,
              16.6142578125
            ],
            [
              81.5986328125,
              16.6142578125
            ],
            [
              81.5986328125,
              16.615234375
            ]
          ],
          [
            [
              81.64453125,
              16.615234375
            ],
            [
              81.6455078125,
              16.615234375
            ],
            [
              81.6455078125,
              16.6142578125
            ],
            [
              81.64453125,
              16.6142578125
            ],
            [
              81.64453125,
              16.615234375
            ]
          ],
          [
            [
              81.5224609375,
              16.6142578125
            ],
            [
              81.525390625,
              16.6142578125
            ],
            [
              81.525390625,
              16.61328125
            ],
            [
              81.5234375,
              16.61328125
            ],
            [
              81.5234375,
              16.6123046875
            ],
            [
              81.5224609375,
              16.6123046875
            ],
            [
              81.5224609375,
              16.6142578125
            ]
          ],
          [
            [
              81.5517578125,
              16.6142578125
            ],
            [
              81.552734375,
              16.6142578125
            ],
            [
              81.552734375,
              16.61328125
            ],
            [
              81.5517578125,
              16.61328125
            ],
            [
              81.5517578125,
              16.6142578125
            ]
          ],
          [
            [
              81.59765625,
              16.6142578125
            ],
            [
              81.5986328125,
              16.6142578125
            ],
            [
              81.5986328125,
              16.6123046875
            ],
            [
              81.59765625,
              16.6123046875
            ],
            [
              81.59765625,
              16.6142578125
            ]
          ],
          [
            [
              81.6533203125,
              16.6142578125
            ],
            [
              81.6552734375,
              16.6142578125
            ],
            [
              81.6552734375,
              16.61328125
            ],
            [
              81.654296875,
              16.61328125
            ],
            [
              81.654296875,
              16.6123046875
            ],
            [
              81.6533203125,
              16.6123046875
            ],
            [
              81.6533203125,
              16.6142578125
            ]
          ],
          [
            [
              81.5478515625,
              16.61328125
            ],
            [
              81.548828125,
              16.61328125
            ],
            [
              81.548828125,
              16.611328125
            ],
            [
              81.5478515625,
              16.611328125
            ],
            [
              81.5478515625,
              16.61328125
            ]
          ],
          [
            [
              81.65625,
              16.61328125
            ],
            [
              81.6572265625,
              16.61328125
            ],
            [
              81.6572265625,
              16.6123046875
            ],
            [
              81.65625,
              16.6123046875
            ],
            [
              81.65625,
              16.61328125
            ]
          ],
          [
            [
              81.669921875,
              16.61328125
            ],
            [
              81.6708984375,
              16.61328125
            ],
            [
              81.6708984375,
              16.611328125
            ],
            [
              81.669921875,
              16.611328125
            ],
            [
              81.669921875,
              16.6083984375
            ],
            [
              81.6689453125,
              16.6083984375
            ],
            [
              81.6689453125,
              16.6123046875
            ],
            [
              81.669921875,
              16.6123046875
            ],
            [
              81.669921875,
              16.61328125
            ]
          ],
          [
            [
              81.7080078125,
              16.61328125
            ],
            [
              81.7099609375,
              16.61328125
            ],
            [
              81.7099609375,
              16.611328125
            ],
            [
              81.7109375,
              16.611328125
            ],
            [
              81.7109375,
              16.6123046875
            ],
            [
              81.712890625,
              16.6123046875
            ],
            [
              81.712890625,
              16.611328125
            ],
            [
              81.7119140625,
              16.611328125
            ],
            [
              81.7119140625,
              16.6103515625
            ],
            [
              81.7109375,
              16.6103515625
            ],
            [
              81.7109375,
              16.609375
            ],
            [
              81.7099609375,
              16.609375
            ],
            [
              81.7099609375,
              16.6103515625
            ],
            [
              81.708984375,
              16.6103515625
            ],
            [
              81.708984375,
              16.611328125
            ],
            [
              81.7080078125,
              16.611328125
            ],
            [
              81.7080078125,
              16.61328125
            ]
          ],
          [
            [
              81.55078125,
              16.6123046875
            ],
            [
              81.5517578125,
              16.6123046875
            ],
            [
              81.5517578125,
              16.611328125
            ],
            [
              81.55078125,
              16.611328125
            ],
            [
              81.55078125,
              16.6123046875
            ]
          ],
          [
            [
              81.7041015625,
              16.6123046875
            ],
            [
              81.7060546875,
              16.6123046875
            ],
            [
              81.7060546875,
              16.611328125
            ],
            [
              81.7041015625,
              16.611328125
            ],
            [
              81.7041015625,
              16.6123046875
            ]
          ],
          [
            [
              81.5126953125,
              16.611328125
            ],
            [
              81.513671875,
              16.611328125
            ],
            [
              81.513671875,
              16.6103515625
            ],
            [
              81.5126953125,
              16.6103515625
            ],
            [
              81.5126953125,
              16.611328125
            ]
          ],
          [
            [
              81.5234375,
              16.611328125
            ],
            [
              81.5244140625,
              16.611328125
            ],
            [
              81.5244140625,
              16.6103515625
            ],
            [
              81.5234375,
              16.6103515625
            ],
            [
              81.5234375,
              16.611328125
            ]
          ],
          [
            [
              81.595703125,
              16.611328125
            ],
            [
              81.5966796875,
              16.611328125
            ],
            [
              81.5966796875,
              16.6103515625
            ],
            [
              81.595703125,
              16.6103515625
            ],
            [
              81.595703125,
              16.611328125
            ]
          ],
          [
            [
              81.6474609375,
              16.611328125
            ],
            [
              81.6494140625,
              16.611328125
            ],
            [
              81.6494140625,
              16.6103515625
            ],
            [
              81.6474609375,
              16.6103515625
            ],
            [
              81.6474609375,
              16.611328125
            ]
          ],
          [
            [
              81.6513671875,
              16.611328125
            ],
            [
              81.6552734375,
              16.611328125
            ],
            [
              81.6552734375,
              16.6103515625
            ],
            [
              81.6513671875,
              16.6103515625
            ],
            [
              81.6513671875,
              16.611328125
            ]
          ],
          [
            [
              81.658203125,
              16.611328125
            ],
            [
              81.6630859375,
              16.611328125
            ],
            [
              81.6630859375,
              16.6103515625
            ],
            [
              81.6640625,
              16.6103515625
            ],
            [
              81.6640625,
              16.609375
            ],
            [
              81.6650390625,
              16.609375
            ],
            [
              81.6650390625,
              16.6103515625
            ],
            [
              81.666015625,
              16.6103515625
            ],
            [
              81.666015625,
              16.6083984375
            ],
            [
              81.6650390625,
              16.6083984375
            ],
            [
              81.6650390625,
              16.607421875
            ],
            [
              81.6630859375,
              16.607421875
            ],
            [
              81.6630859375,
              16.609375
            ],
            [
              81.662109375,
              16.609375
            ],
            [
              81.662109375,
              16.607421875
            ],
            [
              81.66015625,
              16.607421875
            ],
            [
              81.66015625,
              16.6083984375
            ],
            [
              81.658203125,
              16.6083984375
            ],
            [
              81.658203125,
              16.609375
            ],
            [
              81.6591796875,
              16.609375
            ],
            [
              81.6591796875,
              16.6103515625
            ],
            [
              81.658203125,
              16.6103515625
            ],
            [
              81.658203125,
              16.611328125
            ]
          ],
          [
            [
              81.6826171875,
              16.611328125
            ],
            [
              81.685546875,
              16.611328125
            ],
            [
              81.685546875,
              16.6103515625
            ],
            [
              81.6845703125,
              16.6103515625
            ],
            [
              81.6845703125,
              16.609375
            ],
            [
              81.6826171875,
              16.609375
            ],
            [
              81.6826171875,
              16.611328125
            ]
          ],
          [
            [
              81.5478515625,
              16.6103515625
            ],
            [
              81.55078125,
              16.6103515625
            ],
            [
              81.55078125,
              16.6083984375
            ],
            [
              81.5517578125,
              16.6083984375
            ],
            [
              81.5517578125,
              16.607421875
            ],
            [
              81.5498046875,
              16.607421875
            ],
            [
              81.5498046875,
              16.6083984375
            ],
            [
              81.548828125,
              16.6083984375
            ],
            [
              81.548828125,
              16.609375
            ],
            [
              81.5478515625,
              16.609375
            ],
            [
              81.5478515625,
              16.6103515625
            ]
          ],
          [
            [
              81.5556640625,
              16.6103515625
            ],
            [
              81.556640625,
              16.6103515625
            ],
            [
              81.556640625,
              16.609375
            ],
            [
              81.5556640625,
              16.609375
            ],
            [
              81.5556640625,
              16.6103515625
            ]
          ],
          [
            [
              81.599609375,
              16.6103515625
            ],
            [
              81.6005859375,
              16.6103515625
            ],
            [
              81.6005859375,
              16.609375
            ],
            [
              81.6015625,
              16.609375
            ],
            [
              81.6015625,
              16.6103515625
            ],
            [
              81.6025390625,
              16.6103515625
            ],
            [
              81.6025390625,
              16.609375
            ],
            [
              81.6044921875,
              16.609375
            ],
            [
              81.6044921875,
              16.607421875
            ],
            [
              81.6064453125,
              16.607421875
            ],
            [
              81.6064453125,
              16.60546875
            ],
            [
              81.607421875,
              16.60546875
            ],
            [
              81.607421875,
              16.6044921875
            ],
            [
              81.6083984375,
              16.6044921875
            ],
            [
              81.6083984375,
              16.6015625
            ],
            [
              81.607421875,
              16.6015625
            ],
            [
              81.607421875,
              16.6025390625
            ],
            [
              81.603515625,
              16.6025390625
            ],
            [
              81.603515625,
              16.603515625
            ],
            [
              81.6044921875,
              16.603515625
            ],
            [
              81.6044921875,
              16.6064453125
            ],
            [
              81.599609375,
              16.6064453125
            ],
            [
              81.599609375,
              16.6103515625
            ]
          ],
          [
            [
              81.609375,
              16.6103515625
            ],
            [
              81.6103515625,
              16.6103515625
            ],
            [
              81.6103515625,
              16.609375
            ],
            [
              81.609375,
              16.609375
            ],
            [
              81.609375,
              16.6103515625
            ]
          ],
          [
            [
              81.6552734375,
              16.6103515625
            ],
            [
              81.6572265625,
              16.6103515625
            ],
            [
              81.6572265625,
              16.6083984375
            ],
            [
              81.65625,
              16.6083984375
            ],
            [
              81.65625,
              16.609375
            ],
            [
              81.6552734375,
              16.609375
            ],
            [
              81.6552734375,
              16.6103515625
            ]
          ],
          [
            [
              81.7041015625,
              16.6103515625
            ],
            [
              81.705078125,
              16.6103515625
            ],
            [
              81.705078125,
              16.6083984375
            ],
            [
              81.7041015625,
              16.6083984375
            ],
            [
              81.7041015625,
              16.6103515625
            ]
          ],
          [
            [
              81.734375,
              16.6103515625
            ],
            [
              81.7373046875,
              16.6103515625
            ],
            [
              81.7373046875,
              16.609375
            ],
            [
              81.736328125,
              16.609375
            ],
            [
              81.736328125,
              16.6083984375
            ],
            [
              81.734375,
              16.6083984375
            ],
            [
              81.734375,
              16.607421875
            ],
            [
              81.7333984375,
              16.607421875
            ],
            [
              81.7333984375,
              16.609375
            ],
            [
              81.734375,
              16.609375
            ],
            [
              81.734375,
              16.6103515625
            ]
          ],
          [
            [
              81.7177734375,
              16.609375
            ],
            [
              81.71875,
              16.609375
            ],
            [
              81.71875,
              16.6083984375
            ],
            [
              81.7177734375,
              16.6083984375
            ],
            [
              81.7177734375,
              16.609375
            ]
          ],
          [
            [
              81.5537109375,
              16.6083984375
            ],
            [
              81.5556640625,
              16.6083984375
            ],
            [
              81.5556640625,
              16.607421875
            ],
            [
              81.556640625,
              16.607421875
            ],
            [
              81.556640625,
              16.6064453125
            ],
            [
              81.5546875,
              16.6064453125
            ],
            [
              81.5546875,
              16.607421875
            ],
            [
              81.5537109375,
              16.607421875
            ],
            [
              81.5537109375,
              16.6083984375
            ]
          ],
          [
            [
              81.5654296875,
              16.6083984375
            ],
            [
              81.56640625,
              16.6083984375
            ],
            [
              81.56640625,
              16.607421875
            ],
            [
              81.5654296875,
              16.607421875
            ],
            [
              81.5654296875,
              16.6083984375
            ]
          ],
          [
            [
              81.595703125,
              16.6083984375
            ],
            [
              81.59765625,
              16.6083984375
            ],
            [
              81.59765625,
              16.607421875
            ],
            [
              81.5986328125,
              16.607421875
            ],
            [
              81.5986328125,
              16.60546875
            ],
            [
              81.59765625,
              16.60546875
            ],
            [
              81.59765625,
              16.6064453125
            ],
            [
              81.5966796875,
              16.6064453125
            ],
            [
              81.5966796875,
              16.607421875
            ],
            [
              81.595703125,
              16.607421875
            ],
            [
              81.595703125,
              16.6083984375
            ]
          ],
          [
            [
              81.7197265625,
              16.607421875
            ],
            [
              81.7216796875,
              16.607421875
            ],
            [
              81.7216796875,
              16.603515625
            ],
            [
              81.72265625,
              16.603515625
            ],
            [
              81.72265625,
              16.6044921875
            ],
            [
              81.7236328125,
              16.6044921875
            ],
            [
              81.7236328125,
              16.60546875
            ],
            [
              81.724609375,
              16.60546875
            ],
            [
              81.724609375,
              16.603515625
            ],
            [
              81.728515625,
              16.603515625
            ],
            [
              81.728515625,
              16.6025390625
            ],
            [
              81.7275390625,
              16.6025390625
            ],
            [
              81.7275390625,
              16.6015625
            ],
            [
              81.7265625,
              16.6015625
            ],
            [
              81.7265625,
              16.6005859375
            ],
            [
              81.7255859375,
              16.6005859375
            ],
            [
              81.7255859375,
              16.59765625
            ],
            [
              81.724609375,
              16.59765625
            ],
            [
              81.724609375,
              16.5966796875
            ],
            [
              81.7236328125,
              16.5966796875
            ],
            [
              81.7236328125,
              16.6015625
            ],
            [
              81.72265625,
              16.6015625
            ],
            [
              81.72265625,
              16.6005859375
            ],
            [
              81.720703125,
              16.6005859375
            ],
            [
              81.720703125,
              16.6015625
            ],
            [
              81.7197265625,
              16.6015625
            ],
            [
              81.7197265625,
              16.6005859375
            ],
            [
              81.71875,
              16.6005859375
            ],
            [
              81.71875,
              16.603515625
            ],
            [
              81.7197265625,
              16.603515625
            ],
            [
              81.7197265625,
              16.6044921875
            ],
            [
              81.720703125,
              16.6044921875
            ],
            [
              81.720703125,
              16.60546875
            ],
            [
              81.7197265625,
              16.60546875
            ],
            [
              81.7197265625,
              16.607421875
            ]
          ],
          [
            [
              81.55859375,
              16.6064453125
            ],
            [
              81.5595703125,
              16.6064453125
            ],
            [
              81.5595703125,
              16.60546875
            ],
            [
              81.55859375,
              16.60546875
            ],
            [
              81.55859375,
              16.6064453125
            ]
          ],
          [
            [
              81.6982421875,
              16.6064453125
            ],
            [
              81.69921875,
              16.6064453125
            ],
            [
              81.69921875,
              16.60546875
            ],
            [
              81.7001953125,
              16.60546875
            ],
            [
              81.7001953125,
              16.6044921875
            ],
            [
              81.701171875,
              16.6044921875
            ],
            [
              81.701171875,
              16.6025390625
            ],
            [
              81.7001953125,
              16.6025390625
            ],
            [
              81.7001953125,
              16.603515625
            ],
            [
              81.69921875,
              16.603515625
            ],
            [
              81.69921875,
              16.6044921875
            ],
            [
              81.697265625,
              16.6044921875
            ],
            [
              81.697265625,
              16.60546875
            ],
            [
              81.6982421875,
              16.60546875
            ],
            [
              81.6982421875,
              16.6064453125
            ]
          ],
          [
            [
              81.7265625,
              16.6064453125
            ],
            [
              81.7275390625,
              16.6064453125
            ],
            [
              81.7275390625,
              16.60546875
            ],
            [
              81.7265625,
              16.60546875
            ],
            [
              81.7265625,
              16.6064453125
            ]
          ],
          [
            [
              81.7294921875,
              16.6064453125
            ],
            [
              81.73046875,
              16.6064453125
            ],
            [
              81.73046875,
              16.6044921875
            ],
            [
              81.7294921875,
              16.6044921875
            ],
            [
              81.7294921875,
              16.6064453125
            ]
          ],
          [
            [
              81.5966796875,
              16.60546875
            ],
            [
              81.59765625,
              16.60546875
            ],
            [
              81.59765625,
              16.603515625
            ],
            [
              81.5966796875,
              16.603515625
            ],
            [
              81.5966796875,
              16.60546875
            ]
          ],
          [
            [
              81.7080078125,
              16.60546875
            ],
            [
              81.708984375,
              16.60546875
            ],
            [
              81.708984375,
              16.6044921875
            ],
            [
              81.7080078125,
              16.6044921875
            ],
            [
              81.7080078125,
              16.60546875
            ]
          ],
          [
            [
              81.732421875,
              16.60546875
            ],
            [
              81.734375,
              16.60546875
            ],
            [
              81.734375,
              16.6044921875
            ],
            [
              81.732421875,
              16.6044921875
            ],
            [
              81.732421875,
              16.60546875
            ]
          ],
          [
            [
              81.5546875,
              16.6044921875
            ],
            [
              81.5576171875,
              16.6044921875
            ],
            [
              81.5576171875,
              16.603515625
            ],
            [
              81.5556640625,
              16.603515625
            ],
            [
              81.5556640625,
              16.6025390625
            ],
            [
              81.5576171875,
              16.6025390625
            ],
            [
              81.5576171875,
              16.6015625
            ],
            [
              81.556640625,
              16.6015625
            ],
            [
              81.556640625,
              16.6005859375
            ],
            [
              81.5537109375,
              16.6005859375
            ],
            [
              81.5537109375,
              16.6015625
            ],
            [
              81.5546875,
              16.6015625
            ],
            [
              81.5546875,
              16.6044921875
            ]
          ],
          [
            [
              81.55859375,
              16.6044921875
            ],
            [
              81.5595703125,
              16.6044921875
            ],
            [
              81.5595703125,
              16.6025390625
            ],
            [
              81.55859375,
              16.6025390625
            ],
            [
              81.55859375,
              16.6044921875
            ]
          ],
          [
            [
              81.59375,
              16.6044921875
            ],
            [
              81.5947265625,
              16.6044921875
            ],
            [
              81.5947265625,
              16.603515625
            ],
            [
              81.59375,
              16.603515625
            ],
            [
              81.59375,
              16.6044921875
            ]
          ],
          [
            [
              81.6142578125,
              16.6044921875
            ],
            [
              81.615234375,
              16.6044921875
            ],
            [
              81.615234375,
              16.6025390625
            ],
            [
              81.6142578125,
              16.6025390625
            ],
            [
              81.6142578125,
              16.6044921875
            ]
          ],
          [
            [
              81.7060546875,
              16.6044921875
            ],
            [
              81.7080078125,
              16.6044921875
            ],
            [
              81.7080078125,
              16.603515625
            ],
            [
              81.7099609375,
              16.603515625
            ],
            [
              81.7099609375,
              16.6025390625
            ],
            [
              81.708984375,
              16.6025390625
            ],
            [
              81.708984375,
              16.6015625
            ],
            [
              81.7080078125,
              16.6015625
            ],
            [
              81.7080078125,
              16.6025390625
            ],
            [
              81.70703125,
              16.6025390625
            ],
            [
              81.70703125,
              16.603515625
            ],
            [
              81.7060546875,
              16.603515625
            ],
            [
              81.7060546875,
              16.6044921875
            ]
          ],
          [
            [
              81.7373046875,
              16.6044921875
            ],
            [
              81.73828125,
              16.6044921875
            ],
            [
              81.73828125,
              16.603515625
            ],
            [
              81.740234375,
              16.603515625
            ],
            [
              81.740234375,
              16.6025390625
            ],
            [
              81.7392578125,
              16.6025390625
            ],
            [
              81.7392578125,
              16.6015625
            ],
            [
              81.736328125,
              16.6015625
            ],
            [
              81.736328125,
              16.6005859375
            ],
            [
              81.7353515625,
              16.6005859375
            ],
            [
              81.7353515625,
              16.599609375
            ],
            [
              81.734375,
              16.599609375
            ],
            [
              81.734375,
              16.6015625
            ],
            [
              81.7353515625,
              16.6015625
            ],
            [
              81.7353515625,
              16.6025390625
            ],
            [
              81.736328125,
              16.6025390625
            ],
            [
              81.736328125,
              16.603515625
            ],
            [
              81.7373046875,
              16.603515625
            ],
            [
              81.7373046875,
              16.6044921875
            ]
          ],
          [
            [
              81.662109375,
              16.603515625
            ],
            [
              81.6630859375,
              16.603515625
            ],
            [
              81.6630859375,
              16.6025390625
            ],
            [
              81.662109375,
              16.6025390625
            ],
            [
              81.662109375,
              16.603515625
            ]
          ],
          [
            [
              81.669921875,
              16.603515625
            ],
            [
              81.6708984375,
              16.603515625
            ],
            [
              81.6708984375,
              16.6025390625
            ],
            [
              81.669921875,
              16.6025390625
            ],
            [
              81.669921875,
              16.603515625
            ]
          ],
          [
            [
              81.6728515625,
              16.603515625
            ],
            [
              81.673828125,
              16.603515625
            ],
            [
              81.673828125,
              16.6015625
            ],
            [
              81.6748046875,
              16.6015625
            ],
            [
              81.6748046875,
              16.6005859375
            ],
            [
              81.67578125,
              16.6005859375
            ],
            [
              81.67578125,
              16.5966796875
            ],
            [
              81.6748046875,
              16.5966796875
            ],
            [
              81.6748046875,
              16.59375
            ],
            [
              81.673828125,
              16.59375
            ],
            [
              81.673828125,
              16.595703125
            ],
            [
              81.6728515625,
              16.595703125
            ],
            [
              81.6728515625,
              16.59765625
            ],
            [
              81.6748046875,
              16.59765625
            ],
            [
              81.6748046875,
              16.5986328125
            ],
            [
              81.673828125,
              16.5986328125
            ],
            [
              81.673828125,
              16.599609375
            ],
            [
              81.6728515625,
              16.599609375
            ],
            [
              81.6728515625,
              16.6005859375
            ],
            [
              81.671875,
              16.6005859375
            ],
            [
              81.671875,
              16.6025390625
            ],
            [
              81.6728515625,
              16.6025390625
            ],
            [
              81.6728515625,
              16.603515625
            ]
          ],
          [
            [
              81.6923828125,
              16.603515625
            ],
            [
              81.693359375,
              16.603515625
            ],
            [
              81.693359375,
              16.6025390625
            ],
            [
              81.6923828125,
              16.6025390625
            ],
            [
              81.6923828125,
              16.603515625
            ]
          ],
          [
            [
              81.5595703125,
              16.6025390625
            ],
            [
              81.560546875,
              16.6025390625
            ],
            [
              81.560546875,
              16.6015625
            ],
            [
              81.5595703125,
              16.6015625
            ],
            [
              81.5595703125,
              16.6025390625
            ]
          ],
          [
            [
              81.5986328125,
              16.6025390625
            ],
            [
              81.599609375,
              16.6025390625
            ],
            [
              81.599609375,
              16.6015625
            ],
            [
              81.6005859375,
              16.6015625
            ],
            [
              81.6005859375,
              16.6005859375
            ],
            [
              81.5986328125,
              16.6005859375
            ],
            [
              81.5986328125,
              16.6025390625
            ]
          ],
          [
            [
              81.6982421875,
              16.6025390625
            ],
            [
              81.69921875,
              16.6025390625
            ],
            [
              81.69921875,
              16.6015625
            ],
            [
              81.7021484375,
              16.6015625
            ],
            [
              81.7021484375,
              16.6005859375
            ],
            [
              81.703125,
              16.6005859375
            ],
            [
              81.703125,
              16.599609375
            ],
            [
              81.7041015625,
              16.599609375
            ],
            [
              81.7041015625,
              16.59765625
            ],
            [
              81.7021484375,
              16.59765625
            ],
            [
              81.7021484375,
              16.5966796875
            ],
            [
              81.701171875,
              16.5966796875
            ],
            [
              81.701171875,
              16.5986328125
            ],
            [
              81.7001953125,
              16.5986328125
            ],
            [
              81.7001953125,
              16.599609375
            ],
            [
              81.69921875,
              16.599609375
            ],
            [
              81.69921875,
              16.6005859375
            ],
            [
              81.6982421875,
              16.6005859375
            ],
            [
              81.6982421875,
              16.6025390625
            ]
          ],
          [
            [
              81.716796875,
              16.6025390625
            ],
            [
              81.7177734375,
              16.6025390625
            ],
            [
              81.7177734375,
              16.6015625
            ],
            [
              81.716796875,
              16.6015625
            ],
            [
              81.716796875,
              16.6025390625
            ]
          ],
          [
            [
              81.7412109375,
              16.6025390625
            ],
            [
              81.7421875,
              16.6025390625
            ],
            [
              81.7421875,
              16.6005859375
            ],
            [
              81.7412109375,
              16.6005859375
            ],
            [
              81.7412109375,
              16.6025390625
            ]
          ],
          [
            [
              81.6015625,
              16.6015625
            ],
            [
              81.6025390625,
              16.6015625
            ],
            [
              81.6025390625,
              16.6005859375
            ],
            [
              81.6015625,
              16.6005859375
            ],
            [
              81.6015625,
              16.6015625
            ]
          ],
          [
            [
              81.65625,
              16.6015625
            ],
            [
              81.658203125,
              16.6015625
            ],
            [
              81.658203125,
              16.6005859375
            ],
            [
              81.662109375,
              16.6005859375
            ],
            [
              81.662109375,
              16.6015625
            ],
            [
              81.6630859375,
              16.6015625
            ],
            [
              81.6630859375,
              16.599609375
            ],
            [
              81.6611328125,
              16.599609375
            ],
            [
              81.6611328125,
              16.5986328125
            ],
            [
              81.66015625,
              16.5986328125
            ],
            [
              81.66015625,
              16.59765625
            ],
            [
              81.6591796875,
              16.59765625
            ],
            [
              81.6591796875,
              16.5966796875
            ],
            [
              81.6552734375,
              16.5966796875
            ],
            [
              81.6552734375,
              16.59765625
            ],
            [
              81.6572265625,
              16.59765625
            ],
            [
              81.6572265625,
              16.5986328125
            ],
            [
              81.6591796875,
              16.5986328125
            ],
            [
              81.6591796875,
              16.599609375
            ],
            [
              81.6572265625,
              16.599609375
            ],
            [
              81.6572265625,
              16.6005859375
            ],
            [
              81.65625,
              16.6005859375
            ],
            [
              81.65625,
              16.6015625
            ]
          ],
          [
            [
              81.7041015625,
              16.6015625
            ],
            [
              81.7060546875,
              16.6015625
            ],
            [
              81.7060546875,
              16.6005859375
            ],
            [
              81.708984375,
              16.6005859375
            ],
            [
              81.708984375,
              16.599609375
            ],
            [
              81.7060546875,
              16.599609375
            ],
            [
              81.7060546875,
              16.59765625
            ],
            [
              81.705078125,
              16.59765625
            ],
            [
              81.705078125,
              16.599609375
            ],
            [
              81.7041015625,
              16.599609375
            ],
            [
              81.7041015625,
              16.6015625
            ]
          ],
          [
            [
              81.6083984375,
              16.6005859375
            ],
            [
              81.609375,
              16.6005859375
            ],
            [
              81.609375,
              16.599609375
            ],
            [
              81.6103515625,
              16.599609375
            ],
            [
              81.6103515625,
              16.5986328125
            ],
            [
              81.609375,
              16.5986328125
            ],
            [
              81.609375,
              16.595703125
            ],
            [
              81.6083984375,
              16.595703125
            ],
            [
              81.6083984375,
              16.5966796875
            ],
            [
              81.607421875,
              16.5966796875
            ],
            [
              81.607421875,
              16.59765625
            ],
            [
              81.6083984375,
              16.59765625
            ],
            [
              81.6083984375,
              16.6005859375
            ]
          ],
          [
            [
              81.6123046875,
              16.6005859375
            ],
            [
              81.61328125,
              16.6005859375
            ],
            [
              81.61328125,
              16.599609375
            ],
            [
              81.6123046875,
              16.599609375
            ],
            [
              81.6123046875,
              16.6005859375
            ]
          ],
          [
            [
              81.6494140625,
              16.6005859375
            ],
            [
              81.650390625,
              16.6005859375
            ],
            [
              81.650390625,
              16.599609375
            ],
            [
              81.6494140625,
              16.599609375
            ],
            [
              81.6494140625,
              16.6005859375
            ]
          ],
          [
            [
              81.716796875,
              16.6005859375
            ],
            [
              81.71875,
              16.6005859375
            ],
            [
              81.71875,
              16.599609375
            ],
            [
              81.7177734375,
              16.599609375
            ],
            [
              81.7177734375,
              16.5986328125
            ],
            [
              81.716796875,
              16.5986328125
            ],
            [
              81.716796875,
              16.6005859375
            ]
          ],
          [
            [
              81.736328125,
              16.6005859375
            ],
            [
              81.73828125,
              16.6005859375
            ],
            [
              81.73828125,
              16.59765625
            ],
            [
              81.736328125,
              16.59765625
            ],
            [
              81.736328125,
              16.6005859375
            ]
          ],
          [
            [
              81.6484375,
              16.599609375
            ],
            [
              81.6494140625,
              16.599609375
            ],
            [
              81.6494140625,
              16.59765625
            ],
            [
              81.6484375,
              16.59765625
            ],
            [
              81.6484375,
              16.599609375
            ]
          ],
          [
            [
              81.6630859375,
              16.599609375
            ],
            [
              81.6640625,
              16.599609375
            ],
            [
              81.6640625,
              16.5986328125
            ],
            [
              81.6630859375,
              16.5986328125
            ],
            [
              81.6630859375,
              16.599609375
            ]
          ],
          [
            [
              81.6708984375,
              16.599609375
            ],
            [
              81.671875,
              16.599609375
            ],
            [
              81.671875,
              16.59765625
            ],
            [
              81.6708984375,
              16.59765625
            ],
            [
              81.6708984375,
              16.599609375
            ]
          ],
          [
            [
              81.6904296875,
              16.599609375
            ],
            [
              81.69140625,
              16.599609375
            ],
            [
              81.69140625,
              16.5986328125
            ],
            [
              81.6904296875,
              16.5986328125
            ],
            [
              81.6904296875,
              16.599609375
            ]
          ],
          [
            [
              81.7197265625,
              16.599609375
            ],
            [
              81.720703125,
              16.599609375
            ],
            [
              81.720703125,
              16.59765625
            ],
            [
              81.71875,
              16.59765625
            ],
            [
              81.71875,
              16.5986328125
            ],
            [
              81.7197265625,
              16.5986328125
            ],
            [
              81.7197265625,
              16.599609375
            ]
          ],
          [
            [
              81.7275390625,
              16.599609375
            ],
            [
              81.728515625,
              16.599609375
            ],
            [
              81.728515625,
              16.5986328125
            ],
            [
              81.7275390625,
              16.5986328125
            ],
            [
              81.7275390625,
              16.599609375
            ]
          ],
          [
            [
              81.5576171875,
              16.5986328125
            ],
            [
              81.55859375,
              16.5986328125
            ],
            [
              81.55859375,
              16.5966796875
            ],
            [
              81.5576171875,
              16.5966796875
            ],
            [
              81.5576171875,
              16.5986328125
            ]
          ],
          [
            [
              81.59765625,
              16.5986328125
            ],
            [
              81.6005859375,
              16.5986328125
            ],
            [
              81.6005859375,
              16.59765625
            ],
            [
              81.59765625,
              16.59765625
            ],
            [
              81.59765625,
              16.5986328125
            ]
          ],
          [
            [
              81.697265625,
              16.59765625
            ],
            [
              81.6982421875,
              16.59765625
            ],
            [
              81.6982421875,
              16.5966796875
            ],
            [
              81.697265625,
              16.5966796875
            ],
            [
              81.697265625,
              16.59765625
            ]
          ],
          [
            [
              81.7060546875,
              16.59765625
            ],
            [
              81.70703125,
              16.59765625
            ],
            [
              81.70703125,
              16.5966796875
            ],
            [
              81.7060546875,
              16.5966796875
            ],
            [
              81.7060546875,
              16.59765625
            ]
          ],
          [
            [
              81.548828125,
              16.5966796875
            ],
            [
              81.55078125,
              16.5966796875
            ],
            [
              81.55078125,
              16.595703125
            ],
            [
              81.548828125,
              16.595703125
            ],
            [
              81.548828125,
              16.5966796875
            ]
          ],
          [
            [
              81.6015625,
              16.5966796875
            ],
            [
              81.6044921875,
              16.5966796875
            ],
            [
              81.6044921875,
              16.58984375
            ],
            [
              81.60546875,
              16.58984375
            ],
            [
              81.60546875,
              16.587890625
            ],
            [
              81.6044921875,
              16.587890625
            ],
            [
              81.6044921875,
              16.5859375
            ],
            [
              81.603515625,
              16.5859375
            ],
            [
              81.603515625,
              16.5888671875
            ],
            [
              81.6015625,
              16.5888671875
            ],
            [
              81.6015625,
              16.587890625
            ],
            [
              81.6005859375,
              16.587890625
            ],
            [
              81.6005859375,
              16.5908203125
            ],
            [
              81.599609375,
              16.5908203125
            ],
            [
              81.599609375,
              16.591796875
            ],
            [
              81.6005859375,
              16.591796875
            ],
            [
              81.6005859375,
              16.5927734375
            ],
            [
              81.5986328125,
              16.5927734375
            ],
            [
              81.5986328125,
              16.5947265625
            ],
            [
              81.6005859375,
              16.5947265625
            ],
            [
              81.6005859375,
              16.595703125
            ],
            [
              81.6015625,
              16.595703125
            ],
            [
              81.6015625,
              16.5966796875
            ]
          ],
          [
            [
              81.7041015625,
              16.5966796875
            ],
            [
              81.705078125,
              16.5966796875
            ],
            [
              81.705078125,
              16.595703125
            ],
            [
              81.7041015625,
              16.595703125
            ],
            [
              81.7041015625,
              16.5966796875
            ]
          ],
          [
            [
              81.671875,
              16.595703125
            ],
            [
              81.6728515625,
              16.595703125
            ],
            [
              81.6728515625,
              16.5947265625
            ],
            [
              81.671875,
              16.5947265625
            ],
            [
              81.671875,
              16.595703125
            ]
          ],
          [
            [
              81.7236328125,
              16.595703125
            ],
            [
              81.7265625,
              16.595703125
            ],
            [
              81.7265625,
              16.5947265625
            ],
            [
              81.7236328125,
              16.5947265625
            ],
            [
              81.7236328125,
              16.595703125
            ]
          ],
          [
            [
              81.701171875,
              16.5947265625
            ],
            [
              81.7021484375,
              16.5947265625
            ],
            [
              81.7021484375,
              16.59375
            ],
            [
              81.701171875,
              16.59375
            ],
            [
              81.701171875,
              16.5947265625
            ]
          ],
          [
            [
              81.7275390625,
              16.5947265625
            ],
            [
              81.7294921875,
              16.5947265625
            ],
            [
              81.7294921875,
              16.59375
            ],
            [
              81.7275390625,
              16.59375
            ],
            [
              81.7275390625,
              16.5947265625
            ]
          ],
          [
            [
              81.5556640625,
              16.59375
            ],
            [
              81.556640625,
              16.59375
            ],
            [
              81.556640625,
              16.5927734375
            ],
            [
              81.5556640625,
              16.5927734375
            ],
            [
              81.5556640625,
              16.59375
            ]
          ],
          [
            [
              81.669921875,
              16.59375
            ],
            [
              81.6708984375,
              16.59375
            ],
            [
              81.6708984375,
              16.5927734375
            ],
            [
              81.669921875,
              16.5927734375
            ],
            [
              81.669921875,
              16.59375
            ]
          ],
          [
            [
              81.6748046875,
              16.59375
            ],
            [
              81.67578125,
              16.59375
            ],
            [
              81.67578125,
              16.5927734375
            ],
            [
              81.6748046875,
              16.5927734375
            ],
            [
              81.6748046875,
              16.59375
            ]
          ],
          [
            [
              81.6953125,
              16.59375
            ],
            [
              81.6962890625,
              16.59375
            ],
            [
              81.6962890625,
              16.5927734375
            ],
            [
              81.6953125,
              16.5927734375
            ],
            [
              81.6953125,
              16.59375
            ]
          ],
          [
            [
              81.552734375,
              16.5927734375
            ],
            [
              81.5537109375,
              16.5927734375
            ],
            [
              81.5537109375,
              16.591796875
            ],
            [
              81.5546875,
              16.591796875
            ],
            [
              81.5546875,
              16.58984375
            ],
            [
              81.5537109375,
              16.58984375
            ],
            [
              81.5537109375,
              16.5888671875
            ],
            [
              81.552734375,
              16.5888671875
            ],
            [
              81.552734375,
              16.5927734375
            ]
          ],
          [
            [
              81.650390625,
              16.591796875
            ],
            [
              81.6513671875,
              16.591796875
            ],
            [
              81.6513671875,
              16.5908203125
            ],
            [
              81.650390625,
              16.5908203125
            ],
            [
              81.650390625,
              16.591796875
            ]
          ],
          [
            [
              81.72265625,
              16.591796875
            ],
            [
              81.7236328125,
              16.591796875
            ],
            [
              81.7236328125,
              16.5908203125
            ],
            [
              81.72265625,
              16.5908203125
            ],
            [
              81.72265625,
              16.591796875
            ]
          ],
          [
            [
              81.6064453125,
              16.5908203125
            ],
            [
              81.6083984375,
              16.5908203125
            ],
            [
              81.6083984375,
              16.5888671875
            ],
            [
              81.6064453125,
              16.5888671875
            ],
            [
              81.6064453125,
              16.5908203125
            ]
          ],
          [
            [
              81.5654296875,
              16.58984375
            ],
            [
              81.56640625,
              16.58984375
            ],
            [
              81.56640625,
              16.5888671875
            ],
            [
              81.5654296875,
              16.5888671875
            ],
            [
              81.5654296875,
              16.58984375
            ]
          ],
          [
            [
              81.5986328125,
              16.58984375
            ],
            [
              81.599609375,
              16.58984375
            ],
            [
              81.599609375,
              16.5888671875
            ],
            [
              81.5986328125,
              16.5888671875
            ],
            [
              81.5986328125,
              16.58984375
            ]
          ],
          [
            [
              81.6474609375,
              16.58984375
            ],
            [
              81.6484375,
              16.58984375
            ],
            [
              81.6484375,
              16.587890625
            ],
            [
              81.6474609375,
              16.587890625
            ],
            [
              81.6474609375,
              16.58984375
            ]
          ],
          [
            [
              81.5556640625,
              16.5888671875
            ],
            [
              81.556640625,
              16.5888671875
            ],
            [
              81.556640625,
              16.5869140625
            ],
            [
              81.5556640625,
              16.5869140625
            ],
            [
              81.5556640625,
              16.5888671875
            ]
          ],
          [
            [
              81.609375,
              16.587890625
            ],
            [
              81.6103515625,
              16.587890625
            ],
            [
              81.6103515625,
              16.583984375
            ],
            [
              81.611328125,
              16.583984375
            ],
            [
              81.611328125,
              16.5810546875
            ],
            [
              81.6103515625,
              16.5810546875
            ],
            [
              81.6103515625,
              16.5791015625
            ],
            [
              81.611328125,
              16.5791015625
            ],
            [
              81.611328125,
              16.5771484375
            ],
            [
              81.6103515625,
              16.5771484375
            ],
            [
              81.6103515625,
              16.576171875
            ],
            [
              81.609375,
              16.576171875
            ],
            [
              81.609375,
              16.5751953125
            ],
            [
              81.6083984375,
              16.5751953125
            ],
            [
              81.6083984375,
              16.5830078125
            ],
            [
              81.609375,
              16.5830078125
            ],
            [
              81.609375,
              16.583984375
            ],
            [
              81.6083984375,
              16.583984375
            ],
            [
              81.6083984375,
              16.5869140625
            ],
            [
              81.609375,
              16.5869140625
            ],
            [
              81.609375,
              16.587890625
            ]
          ],
          [
            [
              81.720703125,
              16.587890625
            ],
            [
              81.7216796875,
              16.587890625
            ],
            [
              81.7216796875,
              16.5869140625
            ],
            [
              81.720703125,
              16.5869140625
            ],
            [
              81.720703125,
              16.587890625
            ]
          ],
          [
            [
              81.7392578125,
              16.587890625
            ],
            [
              81.740234375,
              16.587890625
            ],
            [
              81.740234375,
              16.5869140625
            ],
            [
              81.7392578125,
              16.5869140625
            ],
            [
              81.7392578125,
              16.587890625
            ]
          ],
          [
            [
              81.5478515625,
              16.5869140625
            ],
            [
              81.5498046875,
              16.5869140625
            ],
            [
              81.5498046875,
              16.5849609375
            ],
            [
              81.548828125,
              16.5849609375
            ],
            [
              81.548828125,
              16.583984375
            ],
            [
              81.546875,
              16.583984375
            ],
            [
              81.546875,
              16.5859375
            ],
            [
              81.5478515625,
              16.5859375
            ],
            [
              81.5478515625,
              16.5869140625
            ]
          ],
          [
            [
              81.56640625,
              16.5869140625
            ],
            [
              81.5673828125,
              16.5869140625
            ],
            [
              81.5673828125,
              16.5849609375
            ],
            [
              81.568359375,
              16.5849609375
            ],
            [
              81.568359375,
              16.583984375
            ],
            [
              81.5673828125,
              16.583984375
            ],
            [
              81.5673828125,
              16.5830078125
            ],
            [
              81.56640625,
              16.5830078125
            ],
            [
              81.56640625,
              16.58203125
            ],
            [
              81.564453125,
              16.58203125
            ],
            [
              81.564453125,
              16.5849609375
            ],
            [
              81.5634765625,
              16.5849609375
            ],
            [
              81.5634765625,
              16.5859375
            ],
            [
              81.5654296875,
              16.5859375
            ],
            [
              81.5654296875,
              16.5849609375
            ],
            [
              81.56640625,
              16.5849609375
            ],
            [
              81.56640625,
              16.5869140625
            ]
          ],
          [
            [
              81.599609375,
              16.5869140625
            ],
            [
              81.6015625,
              16.5869140625
            ],
            [
              81.6015625,
              16.5859375
            ],
            [
              81.599609375,
              16.5859375
            ],
            [
              81.599609375,
              16.5869140625
            ]
          ],
          [
            [
              81.740234375,
              16.5869140625
            ],
            [
              81.7421875,
              16.5869140625
            ],
            [
              81.7421875,
              16.5859375
            ],
            [
              81.740234375,
              16.5859375
            ],
            [
              81.740234375,
              16.5869140625
            ]
          ],
          [
            [
              81.6044921875,
              16.5849609375
            ],
            [
              81.60546875,
              16.5849609375
            ],
            [
              81.60546875,
              16.583984375
            ],
            [
              81.6044921875,
              16.583984375
            ],
            [
              81.6044921875,
              16.5849609375
            ]
          ],
          [
            [
              81.7197265625,
              16.5849609375
            ],
            [
              81.7216796875,
              16.5849609375
            ],
            [
              81.7216796875,
              16.583984375
            ],
            [
              81.7197265625,
              16.583984375
            ],
            [
              81.7197265625,
              16.5849609375
            ]
          ],
          [
            [
              81.728515625,
              16.5849609375
            ],
            [
              81.7294921875,
              16.5849609375
            ],
            [
              81.7294921875,
              16.583984375
            ],
            [
              81.728515625,
              16.583984375
            ],
            [
              81.728515625,
              16.5849609375
            ]
          ],
          [
            [
              81.7216796875,
              16.583984375
            ],
            [
              81.72265625,
              16.583984375
            ],
            [
              81.72265625,
              16.5830078125
            ],
            [
              81.7216796875,
              16.5830078125
            ],
            [
              81.7216796875,
              16.583984375
            ]
          ],
          [
            [
              81.724609375,
              16.5830078125
            ],
            [
              81.7255859375,
              16.5830078125
            ],
            [
              81.7255859375,
              16.58203125
            ],
            [
              81.724609375,
              16.58203125
            ],
            [
              81.724609375,
              16.5830078125
            ]
          ],
          [
            [
              81.54296875,
              16.580078125
            ],
            [
              81.5439453125,
              16.580078125
            ],
            [
              81.5439453125,
              16.5791015625
            ],
            [
              81.54296875,
              16.5791015625
            ],
            [
              81.54296875,
              16.580078125
            ]
          ],
          [
            [
              81.6025390625,
              16.580078125
            ],
            [
              81.603515625,
              16.580078125
            ],
            [
              81.603515625,
              16.5791015625
            ],
            [
              81.6044921875,
              16.5791015625
            ],
            [
              81.6044921875,
              16.5771484375
            ],
            [
              81.603515625,
              16.5771484375
            ],
            [
              81.603515625,
              16.578125
            ],
            [
              81.6025390625,
              16.578125
            ],
            [
              81.6025390625,
              16.580078125
            ]
          ],
          [
            [
              81.7197265625,
              16.5791015625
            ],
            [
              81.720703125,
              16.5791015625
            ],
            [
              81.720703125,
              16.578125
            ],
            [
              81.7197265625,
              16.578125
            ],
            [
              81.7197265625,
              16.5791015625
            ]
          ],
          [
            [
              81.626953125,
              16.578125
            ],
            [
              81.6279296875,
              16.578125
            ],
            [
              81.6279296875,
              16.5771484375
            ],
            [
              81.626953125,
              16.5771484375
            ],
            [
              81.626953125,
              16.578125
            ]
          ],
          [
            [
              81.7177734375,
              16.578125
            ],
            [
              81.7197265625,
              16.578125
            ],
            [
              81.7197265625,
              16.5771484375
            ],
            [
              81.7177734375,
              16.5771484375
            ],
            [
              81.7177734375,
              16.578125
            ]
          ],
          [
            [
              81.6044921875,
              16.5771484375
            ],
            [
              81.60546875,
              16.5771484375
            ],
            [
              81.60546875,
              16.576171875
            ],
            [
              81.6044921875,
              16.576171875
            ],
            [
              81.6044921875,
              16.5771484375
            ]
          ],
          [
            [
              81.7197265625,
              16.576171875
            ],
            [
              81.72265625,
              16.576171875
            ],
            [
              81.72265625,
              16.57421875
            ],
            [
              81.7216796875,
              16.57421875
            ],
            [
              81.7216796875,
              16.5751953125
            ],
            [
              81.7197265625,
              16.5751953125
            ],
            [
              81.7197265625,
              16.576171875
            ]
          ],
          [
            [
              81.740234375,
              16.576171875
            ],
            [
              81.7412109375,
              16.576171875
            ],
            [
              81.7412109375,
              16.57421875
            ],
            [
              81.740234375,
              16.57421875
            ],
            [
              81.740234375,
              16.576171875
            ]
          ],
          [
            [
              81.60546875,
              16.5751953125
            ],
            [
              81.6064453125,
              16.5751953125
            ],
            [
              81.6064453125,
              16.5732421875
            ],
            [
              81.60546875,
              16.5732421875
            ],
            [
              81.60546875,
              16.5751953125
            ]
          ],
          [
            [
              81.609375,
              16.5751953125
            ],
            [
              81.6103515625,
              16.5751953125
            ],
            [
              81.6103515625,
              16.5712890625
            ],
            [
              81.611328125,
              16.5712890625
            ],
            [
              81.611328125,
              16.5693359375
            ],
            [
              81.6123046875,
              16.5693359375
            ],
            [
              81.6123046875,
              16.5673828125
            ],
            [
              81.611328125,
              16.5673828125
            ],
            [
              81.611328125,
              16.56640625
            ],
            [
              81.6103515625,
              16.56640625
            ],
            [
              81.6103515625,
              16.5673828125
            ],
            [
              81.609375,
              16.5673828125
            ],
            [
              81.609375,
              16.5703125
            ],
            [
              81.6083984375,
              16.5703125
            ],
            [
              81.6083984375,
              16.572265625
            ],
            [
              81.609375,
              16.572265625
            ],
            [
              81.609375,
              16.5751953125
            ]
          ],
          [
            [
              81.7373046875,
              16.57421875
            ],
            [
              81.73828125,
              16.57421875
            ],
            [
              81.73828125,
              16.5732421875
            ],
            [
              81.7373046875,
              16.5732421875
            ],
            [
              81.7373046875,
              16.57421875
            ]
          ],
          [
            [
              81.7197265625,
              16.5732421875
            ],
            [
              81.720703125,
              16.5732421875
            ],
            [
              81.720703125,
              16.572265625
            ],
            [
              81.7197265625,
              16.572265625
            ],
            [
              81.7197265625,
              16.5732421875
            ]
          ],
          [
            [
              81.73828125,
              16.5732421875
            ],
            [
              81.7392578125,
              16.5732421875
            ],
            [
              81.7392578125,
              16.572265625
            ],
            [
              81.73828125,
              16.572265625
            ],
            [
              81.73828125,
              16.5732421875
            ]
          ],
          [
            [
              81.6044921875,
              16.572265625
            ],
            [
              81.6064453125,
              16.572265625
            ],
            [
              81.6064453125,
              16.5703125
            ],
            [
              81.60546875,
              16.5703125
            ],
            [
              81.60546875,
              16.568359375
            ],
            [
              81.607421875,
              16.568359375
            ],
            [
              81.607421875,
              16.5673828125
            ],
            [
              81.6083984375,
              16.5673828125
            ],
            [
              81.6083984375,
              16.56640625
            ],
            [
              81.607421875,
              16.56640625
            ],
            [
              81.607421875,
              16.5654296875
            ],
            [
              81.6083984375,
              16.5654296875
            ],
            [
              81.6083984375,
              16.564453125
            ],
            [
              81.609375,
              16.564453125
            ],
            [
              81.609375,
              16.5634765625
            ],
            [
              81.6083984375,
              16.5634765625
            ],
            [
              81.6083984375,
              16.5625
            ],
            [
              81.607421875,
              16.5625
            ],
            [
              81.607421875,
              16.5634765625
            ],
            [
              81.6044921875,
              16.5634765625
            ],
            [
              81.6044921875,
              16.572265625
            ]
          ],
          [
            [
              81.70703125,
              16.572265625
            ],
            [
              81.7080078125,
              16.572265625
            ],
            [
              81.7080078125,
              16.5712890625
            ],
            [
              81.70703125,
              16.5712890625
            ],
            [
              81.70703125,
              16.572265625
            ]
          ],
          [
            [
              81.7431640625,
              16.572265625
            ],
            [
              81.744140625,
              16.572265625
            ],
            [
              81.744140625,
              16.5703125
            ],
            [
              81.7431640625,
              16.5703125
            ],
            [
              81.7431640625,
              16.5693359375
            ],
            [
              81.7421875,
              16.5693359375
            ],
            [
              81.7421875,
              16.568359375
            ],
            [
              81.7412109375,
              16.568359375
            ],
            [
              81.7412109375,
              16.5712890625
            ],
            [
              81.7431640625,
              16.5712890625
            ],
            [
              81.7431640625,
              16.572265625
            ]
          ],
          [
            [
              81.7080078125,
              16.5712890625
            ],
            [
              81.7099609375,
              16.5712890625
            ],
            [
              81.7099609375,
              16.5703125
            ],
            [
              81.7080078125,
              16.5703125
            ],
            [
              81.7080078125,
              16.5712890625
            ]
          ],
          [
            [
              81.7333984375,
              16.5703125
            ],
            [
              81.734375,
              16.5703125
            ],
            [
              81.734375,
              16.5693359375
            ],
            [
              81.7333984375,
              16.5693359375
            ],
            [
              81.7333984375,
              16.5703125
            ]
          ],
          [
            [
              81.7373046875,
              16.5703125
            ],
            [
              81.73828125,
              16.5703125
            ],
            [
              81.73828125,
              16.5693359375
            ],
            [
              81.7373046875,
              16.5693359375
            ],
            [
              81.7373046875,
              16.5703125
            ]
          ],
          [
            [
              81.646484375,
              16.5693359375
            ],
            [
              81.6474609375,
              16.5693359375
            ],
            [
              81.6474609375,
              16.568359375
            ],
            [
              81.646484375,
              16.568359375
            ],
            [
              81.646484375,
              16.5693359375
            ]
          ],
          [
            [
              81.736328125,
              16.568359375
            ],
            [
              81.7373046875,
              16.568359375
            ],
            [
              81.7373046875,
              16.5673828125
            ],
            [
              81.736328125,
              16.5673828125
            ],
            [
              81.736328125,
              16.568359375
            ]
          ],
          [
            [
              81.6552734375,
              16.5673828125
            ],
            [
              81.65625,
              16.5673828125
            ],
            [
              81.65625,
              16.56640625
            ],
            [
              81.6552734375,
              16.56640625
            ],
            [
              81.6552734375,
              16.5673828125
            ]
          ],
          [
            [
              81.732421875,
              16.5673828125
            ],
            [
              81.7333984375,
              16.5673828125
            ],
            [
              81.7333984375,
              16.56640625
            ],
            [
              81.732421875,
              16.56640625
            ],
            [
              81.732421875,
              16.5673828125
            ]
          ],
          [
            [
              81.7421875,
              16.5673828125
            ],
            [
              81.7431640625,
              16.5673828125
            ],
            [
              81.7431640625,
              16.5654296875
            ],
            [
              81.7421875,
              16.5654296875
            ],
            [
              81.7421875,
              16.5673828125
            ]
          ],
          [
            [
              81.7333984375,
              16.56640625
            ],
            [
              81.734375,
              16.56640625
            ],
            [
              81.734375,
              16.5654296875
            ],
            [
              81.7333984375,
              16.5654296875
            ],
            [
              81.7333984375,
              16.56640625
            ]
          ],
          [
            [
              81.6005859375,
              16.5654296875
            ],
            [
              81.6015625,
              16.5654296875
            ],
            [
              81.6015625,
              16.564453125
            ],
            [
              81.6005859375,
              16.564453125
            ],
            [
              81.6005859375,
              16.5654296875
            ]
          ],
          [
            [
              81.736328125,
              16.5654296875
            ],
            [
              81.7373046875,
              16.5654296875
            ],
            [
              81.7373046875,
              16.564453125
            ],
            [
              81.7392578125,
              16.564453125
            ],
            [
              81.7392578125,
              16.560546875
            ],
            [
              81.740234375,
              16.560546875
            ],
            [
              81.740234375,
              16.5595703125
            ],
            [
              81.7392578125,
              16.5595703125
            ],
            [
              81.7392578125,
              16.55859375
            ],
            [
              81.73828125,
              16.55859375
            ],
            [
              81.73828125,
              16.5625
            ],
            [
              81.734375,
              16.5625
            ],
            [
              81.734375,
              16.5634765625
            ],
            [
              81.7353515625,
              16.5634765625
            ],
            [
              81.7353515625,
              16.564453125
            ],
            [
              81.736328125,
              16.564453125
            ],
            [
              81.736328125,
              16.5654296875
            ]
          ],
          [
            [
              81.7421875,
              16.564453125
            ],
            [
              81.7431640625,
              16.564453125
            ],
            [
              81.7431640625,
              16.5625
            ],
            [
              81.7421875,
              16.5625
            ],
            [
              81.7421875,
              16.5615234375
            ],
            [
              81.7412109375,
              16.5615234375
            ],
            [
              81.7412109375,
              16.5634765625
            ],
            [
              81.7421875,
              16.5634765625
            ],
            [
              81.7421875,
              16.564453125
            ]
          ],
          [
            [
              81.7177734375,
              16.5625
            ],
            [
              81.71875,
              16.5625
            ],
            [
              81.71875,
              16.5615234375
            ],
            [
              81.7177734375,
              16.5615234375
            ],
            [
              81.7177734375,
              16.5625
            ]
          ],
          [
            [
              81.6064453125,
              16.5615234375
            ],
            [
              81.607421875,
              16.5615234375
            ],
            [
              81.607421875,
              16.560546875
            ],
            [
              81.6064453125,
              16.560546875
            ],
            [
              81.6064453125,
              16.5615234375
            ]
          ],
          [
            [
              81.607421875,
              16.560546875
            ],
            [
              81.6083984375,
              16.560546875
            ],
            [
              81.6083984375,
              16.5537109375
            ],
            [
              81.609375,
              16.5537109375
            ],
            [
              81.609375,
              16.552734375
            ],
            [
              81.607421875,
              16.552734375
            ],
            [
              81.607421875,
              16.5546875
            ],
            [
              81.6064453125,
              16.5546875
            ],
            [
              81.6064453125,
              16.5576171875
            ],
            [
              81.607421875,
              16.5576171875
            ],
            [
              81.607421875,
              16.560546875
            ]
          ],
          [
            [
              81.603515625,
              16.5595703125
            ],
            [
              81.6044921875,
              16.5595703125
            ],
            [
              81.6044921875,
              16.55859375
            ],
            [
              81.603515625,
              16.55859375
            ],
            [
              81.603515625,
              16.5595703125
            ]
          ],
          [
            [
              81.6572265625,
              16.55859375
            ],
            [
              81.6591796875,
              16.55859375
            ],
            [
              81.6591796875,
              16.5576171875
            ],
            [
              81.6572265625,
              16.5576171875
            ],
            [
              81.6572265625,
              16.55859375
            ]
          ],
          [
            [
              81.701171875,
              16.5576171875
            ],
            [
              81.7021484375,
              16.5576171875
            ],
            [
              81.7021484375,
              16.556640625
            ],
            [
              81.701171875,
              16.556640625
            ],
            [
              81.701171875,
              16.5576171875
            ]
          ],
          [
            [
              81.6015625,
              16.556640625
            ],
            [
              81.6025390625,
              16.556640625
            ],
            [
              81.6025390625,
              16.5546875
            ],
            [
              81.6015625,
              16.5546875
            ],
            [
              81.6015625,
              16.556640625
            ]
          ],
          [
            [
              81.6865234375,
              16.5556640625
            ],
            [
              81.6875,
              16.5556640625
            ],
            [
              81.6875,
              16.5546875
            ],
            [
              81.6865234375,
              16.5546875
            ],
            [
              81.6865234375,
              16.5556640625
            ]
          ],
          [
            [
              81.7294921875,
              16.5556640625
            ],
            [
              81.7314453125,
              16.5556640625
            ],
            [
              81.7314453125,
              16.5546875
            ],
            [
              81.7294921875,
              16.5546875
            ],
            [
              81.7294921875,
              16.5556640625
            ]
          ],
          [
            [
              81.640625,
              16.5546875
            ],
            [
              81.6416015625,
              16.5546875
            ],
            [
              81.6416015625,
              16.5537109375
            ],
            [
              81.640625,
              16.5537109375
            ],
            [
              81.640625,
              16.5546875
            ]
          ],
          [
            [
              81.7099609375,
              16.5546875
            ],
            [
              81.712890625,
              16.5546875
            ],
            [
              81.712890625,
              16.5537109375
            ],
            [
              81.7099609375,
              16.5537109375
            ],
            [
              81.7099609375,
              16.5546875
            ]
          ],
          [
            [
              81.537109375,
              16.5537109375
            ],
            [
              81.5390625,
              16.5537109375
            ],
            [
              81.5390625,
              16.552734375
            ],
            [
              81.5380859375,
              16.552734375
            ],
            [
              81.5380859375,
              16.5517578125
            ],
            [
              81.537109375,
              16.5517578125
            ],
            [
              81.537109375,
              16.5537109375
            ]
          ],
          [
            [
              81.611328125,
              16.5537109375
            ],
            [
              81.6123046875,
              16.5537109375
            ],
            [
              81.6123046875,
              16.552734375
            ],
            [
              81.611328125,
              16.552734375
            ],
            [
              81.611328125,
              16.5537109375
            ]
          ],
          [
            [
              81.5068359375,
              16.552734375
            ],
            [
              81.5078125,
              16.552734375
            ],
            [
              81.5078125,
              16.5517578125
            ],
            [
              81.5068359375,
              16.5517578125
            ],
            [
              81.5068359375,
              16.552734375
            ]
          ],
          [
            [
              81.728515625,
              16.552734375
            ],
            [
              81.7294921875,
              16.552734375
            ],
            [
              81.7294921875,
              16.5517578125
            ],
            [
              81.728515625,
              16.5517578125
            ],
            [
              81.728515625,
              16.552734375
            ]
          ],
          [
            [
              81.6123046875,
              16.5517578125
            ],
            [
              81.61328125,
              16.5517578125
            ],
            [
              81.61328125,
              16.5498046875
            ],
            [
              81.6142578125,
              16.5498046875
            ],
            [
              81.6142578125,
              16.5478515625
            ],
            [
              81.615234375,
              16.5478515625
            ],
            [
              81.615234375,
              16.546875
            ],
            [
              81.61328125,
              16.546875
            ],
            [
              81.61328125,
              16.548828125
            ],
            [
              81.6123046875,
              16.548828125
            ],
            [
              81.6123046875,
              16.5517578125
            ]
          ],
          [
            [
              81.6142578125,
              16.5517578125
            ],
            [
              81.615234375,
              16.5517578125
            ],
            [
              81.615234375,
              16.55078125
            ],
            [
              81.6142578125,
              16.55078125
            ],
            [
              81.6142578125,
              16.5517578125
            ]
          ],
          [
            [
              81.609375,
              16.5498046875
            ],
            [
              81.6103515625,
              16.5498046875
            ],
            [
              81.6103515625,
              16.548828125
            ],
            [
              81.609375,
              16.548828125
            ],
            [
              81.609375,
              16.5498046875
            ]
          ],
          [
            [
              81.609375,
              16.546875
            ],
            [
              81.611328125,
              16.546875
            ],
            [
              81.611328125,
              16.5458984375
            ],
            [
              81.6123046875,
              16.5458984375
            ],
            [
              81.6123046875,
              16.544921875
            ],
            [
              81.6142578125,
              16.544921875
            ],
            [
              81.6142578125,
              16.5419921875
            ],
            [
              81.61328125,
              16.5419921875
            ],
            [
              81.61328125,
              16.5439453125
            ],
            [
              81.609375,
              16.5439453125
            ],
            [
              81.609375,
              16.546875
            ]
          ],
          [
            [
              81.609375,
              16.54296875
            ],
            [
              81.6103515625,
              16.54296875
            ],
            [
              81.6103515625,
              16.5400390625
            ],
            [
              81.609375,
              16.5400390625
            ],
            [
              81.609375,
              16.5390625
            ],
            [
              81.6083984375,
              16.5390625
            ],
            [
              81.6083984375,
              16.541015625
            ],
            [
              81.609375,
              16.541015625
            ],
            [
              81.609375,
              16.54296875
            ]
          ],
          [
            [
              81.619140625,
              16.5419921875
            ],
            [
              81.6201171875,
              16.5419921875
            ],
            [
              81.6201171875,
              16.541015625
            ],
            [
              81.62109375,
              16.541015625
            ],
            [
              81.62109375,
              16.5380859375
            ],
            [
              81.6201171875,
              16.5380859375
            ],
            [
              81.6201171875,
              16.5400390625
            ],
            [
              81.6181640625,
              16.5400390625
            ],
            [
              81.6181640625,
              16.541015625
            ],
            [
              81.619140625,
              16.541015625
            ],
            [
              81.619140625,
              16.5419921875
            ]
          ],
          [
            [
              81.607421875,
              16.5390625
            ],
            [
              81.6083984375,
              16.5390625
            ],
            [
              81.6083984375,
              16.5380859375
            ],
            [
              81.607421875,
              16.5380859375
            ],
            [
              81.607421875,
              16.5390625
            ]
          ],
          [
            [
              81.6044921875,
              16.5361328125
            ],
            [
              81.6064453125,
              16.5361328125
            ],
            [
              81.6064453125,
              16.533203125
            ],
            [
              81.60546875,
              16.533203125
            ],
            [
              81.60546875,
              16.5341796875
            ],
            [
              81.603515625,
              16.5341796875
            ],
            [
              81.603515625,
              16.533203125
            ],
            [
              81.6025390625,
              16.533203125
            ],
            [
              81.6025390625,
              16.53515625
            ],
            [
              81.6044921875,
              16.53515625
            ],
            [
              81.6044921875,
              16.5361328125
            ]
          ],
          [
            [
              81.62109375,
              16.5361328125
            ],
            [
              81.6220703125,
              16.5361328125
            ],
            [
              81.6220703125,
              16.53515625
            ],
            [
              81.62109375,
              16.53515625
            ],
            [
              81.62109375,
              16.5361328125
            ]
          ],
          [
            [
              81.6220703125,
              16.53515625
            ],
            [
              81.623046875,
              16.53515625
            ],
            [
              81.623046875,
              16.5341796875
            ],
            [
              81.6220703125,
              16.5341796875
            ],
            [
              81.6220703125,
              16.53515625
            ]
          ],
          [
            [
              81.623046875,
              16.5341796875
            ],
            [
              81.6240234375,
              16.5341796875
            ],
            [
              81.6240234375,
              16.5322265625
            ],
            [
              81.625,
              16.5322265625
            ],
            [
              81.625,
              16.53125
            ],
            [
              81.623046875,
              16.53125
            ],
            [
              81.623046875,
              16.5302734375
            ],
            [
              81.62109375,
              16.5302734375
            ],
            [
              81.62109375,
              16.5322265625
            ],
            [
              81.6220703125,
              16.5322265625
            ],
            [
              81.6220703125,
              16.533203125
            ],
            [
              81.623046875,
              16.533203125
            ],
            [
              81.623046875,
              16.5341796875
            ]
          ],
          [
            [
              81.5419921875,
              16.53125
            ],
            [
              81.54296875,
              16.53125
            ],
            [
              81.54296875,
              16.5302734375
            ],
            [
              81.5419921875,
              16.5302734375
            ],
            [
              81.5419921875,
              16.53125
            ]
          ],
          [
            [
              81.666015625,
              16.53125
            ],
            [
              81.6669921875,
              16.53125
            ],
            [
              81.6669921875,
              16.5302734375
            ],
            [
              81.666015625,
              16.5302734375
            ],
            [
              81.666015625,
              16.53125
            ]
          ],
          [
            [
              81.6640625,
              16.5302734375
            ],
            [
              81.6650390625,
              16.5302734375
            ],
            [
              81.6650390625,
              16.5283203125
            ],
            [
              81.6640625,
              16.5283203125
            ],
            [
              81.6640625,
              16.5302734375
            ]
          ],
          [
            [
              81.59765625,
              16.529296875
            ],
            [
              81.5986328125,
              16.529296875
            ],
            [
              81.5986328125,
              16.5283203125
            ],
            [
              81.59765625,
              16.5283203125
            ],
            [
              81.59765625,
              16.529296875
            ]
          ],
          [
            [
              81.6220703125,
              16.529296875
            ],
            [
              81.623046875,
              16.529296875
            ],
            [
              81.623046875,
              16.5283203125
            ],
            [
              81.6220703125,
              16.5283203125
            ],
            [
              81.6220703125,
              16.529296875
            ]
          ],
          [
            [
              81.6240234375,
              16.52734375
            ],
            [
              81.626953125,
              16.52734375
            ],
            [
              81.626953125,
              16.525390625
            ],
            [
              81.6240234375,
              16.525390625
            ],
            [
              81.6240234375,
              16.52734375
            ]
          ],
          [
            [
              81.630859375,
              16.5263671875
            ],
            [
              81.6318359375,
              16.5263671875
            ],
            [
              81.6318359375,
              16.525390625
            ],
            [
              81.630859375,
              16.525390625
            ],
            [
              81.630859375,
              16.5263671875
            ]
          ],
          [
            [
              81.595703125,
              16.525390625
            ],
            [
              81.5966796875,
              16.525390625
            ],
            [
              81.5966796875,
              16.5244140625
            ],
            [
              81.595703125,
              16.5244140625
            ],
            [
              81.595703125,
              16.525390625
            ]
          ],
          [
            [
              81.625,
              16.5234375
            ],
            [
              81.626953125,
              16.5234375
            ],
            [
              81.626953125,
              16.521484375
            ],
            [
              81.62890625,
              16.521484375
            ],
            [
              81.62890625,
              16.5224609375
            ],
            [
              81.6298828125,
              16.5224609375
            ],
            [
              81.6298828125,
              16.5205078125
            ],
            [
              81.6318359375,
              16.5205078125
            ],
            [
              81.6318359375,
              16.5185546875
            ],
            [
              81.6328125,
              16.5185546875
            ],
            [
              81.6328125,
              16.5166015625
            ],
            [
              81.6318359375,
              16.5166015625
            ],
            [
              81.6318359375,
              16.517578125
            ],
            [
              81.6298828125,
              16.517578125
            ],
            [
              81.6298828125,
              16.51953125
            ],
            [
              81.62890625,
              16.51953125
            ],
            [
              81.62890625,
              16.5205078125
            ],
            [
              81.626953125,
              16.5205078125
            ],
            [
              81.626953125,
              16.51953125
            ],
            [
              81.6259765625,
              16.51953125
            ],
            [
              81.6259765625,
              16.5205078125
            ],
            [
              81.625,
              16.5205078125
            ],
            [
              81.625,
              16.5234375
            ]
          ],
          [
            [
              81.62109375,
              16.521484375
            ],
            [
              81.623046875,
              16.521484375
            ],
            [
              81.623046875,
              16.5205078125
            ],
            [
              81.62109375,
              16.5205078125
            ],
            [
              81.62109375,
              16.521484375
            ]
          ],
          [
            [
              81.59765625,
              16.5185546875
            ],
            [
              81.5986328125,
              16.5185546875
            ],
            [
              81.5986328125,
              16.517578125
            ],
            [
              81.59765625,
              16.517578125
            ],
            [
              81.59765625,
              16.5185546875
            ]
          ],
          [
            [
              81.587890625,
              16.515625
            ],
            [
              81.5888671875,
              16.515625
            ],
            [
              81.5888671875,
              16.513671875
            ],
            [
              81.587890625,
              16.513671875
            ],
            [
              81.587890625,
              16.5126953125
            ],
            [
              81.5869140625,
              16.5126953125
            ],
            [
              81.5869140625,
              16.5146484375
            ],
            [
              81.587890625,
              16.5146484375
            ],
            [
              81.587890625,
              16.515625
            ]
          ],
          [
            [
              81.63671875,
              16.515625
            ],
            [
              81.6376953125,
              16.515625
            ],
            [
              81.6376953125,
              16.513671875
            ],
            [
              81.63671875,
              16.513671875
            ],
            [
              81.63671875,
              16.515625
            ]
          ],
          [
            [
              81.5849609375,
              16.5126953125
            ],
            [
              81.5859375,
              16.5126953125
            ],
            [
              81.5859375,
              16.5107421875
            ],
            [
              81.5849609375,
              16.5107421875
            ],
            [
              81.5849609375,
              16.5126953125
            ]
          ],
          [
            [
              81.5615234375,
              16.51171875
            ],
            [
              81.564453125,
              16.51171875
            ],
            [
              81.564453125,
              16.509765625
            ],
            [
              81.5625,
              16.509765625
            ],
            [
              81.5625,
              16.5078125
            ],
            [
              81.5615234375,
              16.5078125
            ],
            [
              81.5615234375,
              16.5068359375
            ],
            [
              81.55859375,
              16.5068359375
            ],
            [
              81.55859375,
              16.505859375
            ],
            [
              81.5546875,
              16.505859375
            ],
            [
              81.5546875,
              16.5068359375
            ],
            [
              81.5556640625,
              16.5068359375
            ],
            [
              81.5556640625,
              16.5078125
            ],
            [
              81.556640625,
              16.5078125
            ],
            [
              81.556640625,
              16.5087890625
            ],
            [
              81.5595703125,
              16.5087890625
            ],
            [
              81.5595703125,
              16.509765625
            ],
            [
              81.560546875,
              16.509765625
            ],
            [
              81.560546875,
              16.5107421875
            ],
            [
              81.5615234375,
              16.5107421875
            ],
            [
              81.5615234375,
              16.51171875
            ]
          ],
          [
            [
              81.5791015625,
              16.51171875
            ],
            [
              81.580078125,
              16.51171875
            ],
            [
              81.580078125,
              16.5107421875
            ],
            [
              81.5791015625,
              16.5107421875
            ],
            [
              81.5791015625,
              16.51171875
            ]
          ],
          [
            [
              81.5673828125,
              16.5107421875
            ],
            [
              81.568359375,
              16.5107421875
            ],
            [
              81.568359375,
              16.5087890625
            ],
            [
              81.56640625,
              16.5087890625
            ],
            [
              81.56640625,
              16.509765625
            ],
            [
              81.5673828125,
              16.509765625
            ],
            [
              81.5673828125,
              16.5107421875
            ]
          ],
          [
            [
              81.578125,
              16.5107421875
            ],
            [
              81.5791015625,
              16.5107421875
            ],
            [
              81.5791015625,
              16.5087890625
            ],
            [
              81.578125,
              16.5087890625
            ],
            [
              81.578125,
              16.5107421875
            ]
          ],
          [
            [
              81.5732421875,
              16.509765625
            ],
            [
              81.57421875,
              16.509765625
            ],
            [
              81.57421875,
              16.5078125
            ],
            [
              81.5732421875,
              16.5078125
            ],
            [
              81.5732421875,
              16.509765625
            ]
          ],
          [
            [
              81.646484375,
              16.505859375
            ],
            [
              81.6474609375,
              16.505859375
            ],
            [
              81.6474609375,
              16.5048828125
            ],
            [
              81.6494140625,
              16.5048828125
            ],
            [
              81.6494140625,
              16.50390625
            ],
            [
              81.6474609375,
              16.50390625
            ],
            [
              81.6474609375,
              16.5029296875
            ],
            [
              81.646484375,
              16.5029296875
            ],
            [
              81.646484375,
              16.505859375
            ]
          ],
          [
            [
              81.5498046875,
              16.5048828125
            ],
            [
              81.5537109375,
              16.5048828125
            ],
            [
              81.5537109375,
              16.50390625
            ],
            [
              81.552734375,
              16.50390625
            ],
            [
              81.552734375,
              16.5029296875
            ],
            [
              81.5498046875,
              16.5029296875
            ],
            [
              81.5498046875,
              16.5048828125
            ]
          ],
          [
            [
              81.6416015625,
              16.5048828125
            ],
            [
              81.642578125,
              16.5048828125
            ],
            [
              81.642578125,
              16.50390625
            ],
            [
              81.6416015625,
              16.50390625
            ],
            [
              81.6416015625,
              16.5048828125
            ]
          ],
          [
            [
              81.546875,
              16.5029296875
            ],
            [
              81.5498046875,
              16.5029296875
            ],
            [
              81.5498046875,
              16.5009765625
            ],
            [
              81.5478515625,
              16.5009765625
            ],
            [
              81.5478515625,
              16.501953125
            ],
            [
              81.546875,
              16.501953125
            ],
            [
              81.546875,
              16.5029296875
            ]
          ],
          [
            [
              81.6533203125,
              16.501953125
            ],
            [
              81.654296875,
              16.501953125
            ],
            [
              81.654296875,
              16.5009765625
            ],
            [
              81.6533203125,
              16.5009765625
            ],
            [
              81.6533203125,
              16.501953125
            ]
          ]
        ]
      },
      "properties": {
        "pixel_value": 1,
        "area_sq_m": 0.06,
        "area_hectares": 0.0
      }
    }
  ]
}